NameYear,Name,Pos,Type,OTm,PrevStats,NTm,ID,Weight,Height,Age,Tm,G,GS,MP,FG%,3P,3P%,3PA,FT,FT%,FTA,ORB,TRB,AST,STL,BLK,TOV,PTS,USG%,TS%,PER,OWS,DWS,WS,WS/48,OBPM,DBPM,BPM,VORP,PrevSal,NextSal,PrevYear
Chris_Paul_2020,Chris Paul,G,UFA,PHO,"16.4 Pts, 4.5 Reb, 8.9 Ast",PHO,/players/p/paulch01.html,175,6-0,35.0,PHO,70.0,70.0,31.4,0.499,1.5,0.395,3.7,2.4,0.934,2.6,0.4,4.5,8.9,1.4,0.3,2.2,16.4,22.6,0.599,21.4,6.5,2.7,9.2,0.201,3.5,1.1,4.6,3.6,"$41,358,814",0.0,2020
Kawhi_Leonard_2020,Kawhi Leonard,F,UFA,LAC,"24.8 Pts, 6.5 Reb, 5.2 Ast",LAC,/players/l/leonaka01.html,225,6-7,29.0,LAC,52,52,34.1,.512,1.9,.398,4.9,5.0,.885,5.7,1.1,6.5,5.2,1.6,0.4,2.0,24.8,28.6,0.622,26.0,6.4,2.4,8.8,0.238,6.0,1.3,7.3,4.2,"$34,379,100",0.0,2020
Enes_Freedom_2020,Enes Freedom,C,UFA,POR,"11.2 Pts, 11.0 Reb, 1.2 Ast",BOS,/players/k/kanteen01.html,250,6-10,28.0,POR,72.0,35.0,24.4,0.604,0.0,0.25,0.1,1.8,0.774,2.3,3.9,11.0,1.2,0.5,0.7,1.1,11.2,17.4,0.636,22.4,5.7,1.7,7.5,0.204,2.1,-1.4,0.6,1.2,"$5,005,350",0.0,2020
DeMar_DeRozan_2020,DeMar DeRozan,G-F,UFA,SAS,"21.6 Pts, 4.2 Reb, 6.9 Ast",CHI,/players/d/derozde01.html,220,6-6,31.0,SAS,61.0,61.0,33.7,0.495,0.3,0.257,1.2,6.3,0.88,7.2,0.7,4.2,6.9,0.9,0.2,2.0,21.6,26.1,0.591,22.0,5.9,1.5,7.4,0.172,3.2,-0.1,3.1,2.6,"$27,739,975",0.0,2020
John_Collins_2020,John Collins,F,RFA,ATL,"17.6 Pts, 7.4 Reb, 1.2 Ast",ATL,/players/c/collijo01.html,235,6-9,23.0,ATL,63,63,29.3,0.556,1.3,0.399,3.3,2.7,0.833,3.2,1.9,7.4,1.2,0.5,1.0,1.3,17.6,22.2,0.645,20.6,4.8,1.9,6.7,0.174,2.5,-0.2,2.3,2.0,"$4,137,302",0.0,2020
Jarrett_Allen_2020,Jarrett Allen,C-F,RFA,CLE,"12.8 Pts, 10.0 Reb, 1.7 Ast",CLE,/players/a/allenja01.html,243,6-11,22.0,TOT,63.0,45.0,29.6,0.618,0.1,0.316,0.3,3.2,0.703,4.6,3.1,10.0,1.7,0.5,1.4,1.6,12.8,16.6,0.661,20.1,4.3,2.1,6.4,0.166,1.3,-0.2,1.1,1.4,"$3,909,902",0.0,2020
Mike_Conley_2020,Mike Conley,G,UFA,UTA,"16.2 Pts, 3.5 Reb, 6.0 Ast",UTA,/players/c/conlemi01.html,175,6-1,33.0,UTA,51.0,51.0,29.4,0.444,2.7,0.412,6.6,2.4,0.852,2.8,0.7,3.5,6.0,1.4,0.2,1.9,16.2,23.1,0.589,19.2,4.0,2.1,6.1,0.197,3.6,1.3,4.9,2.6,"$34,504,132",0.0,2020
Richaun_Holmes_2020,Richaun Holmes,F-C,UFA,SAC,"14.2 Pts, 8.3 Reb, 1.7 Ast",SAC,/players/h/holmeri01.html,235,6-10,27.0,SAC,61.0,61.0,29.2,0.637,0.0,0.182,0.2,2.2,0.794,2.8,2.4,8.3,1.7,0.6,1.6,1.2,14.2,17.5,0.669,20.2,4.7,1.4,6.1,0.165,0.6,0.0,0.6,1.2,"$5,005,350",0.0,2020
Nerlens_Noel_2020,Nerlens Noel,C-F,UFA,NYK,"5.1 Pts, 6.4 Reb, 0.7 Ast",NYK,/players/n/noelne01.html,220,6-11,26.0,NYK,64,41,24.2,.614,0.0,.000,0.0,0.8,.714,1.1,2.2,6.4,0.7,1.1,2.2,1.0,5.1,9.2,0.638,14.8,1.6,3.6,5.2,0.162,-2.4,3.8,1.4,1.3,"$5,000,000",0.0,2020
Kelly_Olynyk_2020,Kelly Olynyk,C-F,UFA,HOU,"13.5 Pts, 7.0 Reb, 2.9 Ast",DET,/players/o/olynyke01.html,240,6-11,29.0,TOT,70.0,62.0,28.5,0.484,1.8,0.342,5.3,2.1,0.829,2.5,1.2,7.0,2.9,1.1,0.6,1.8,13.5,19.7,0.61,16.4,2.5,2.6,5.1,0.121,0.3,0.9,1.2,1.6,"$12,819,649",0.0,2020
Nicolas_Batum_2020,Nicolas Batum,F-G,UFA,LAC,"8.1 Pts, 4.7 Reb, 2.2 Ast",LAC,/players/b/batumni01.html,230,6-8,32.0,LAC,67.0,38.0,27.4,0.464,1.6,0.404,4.1,0.7,0.828,0.9,0.7,4.7,2.2,1.0,0.6,0.8,8.1,11.8,0.617,12.9,2.7,2.3,5.0,0.132,0.6,1.5,2.1,1.9,"$9,043,478$2,564,753",0.0,2020
TJ_McConnell_2020,T.J. McConnell,G,UFA,IND,"8.6 Pts, 3.7 Reb, 6.6 Ast",IND,/players/m/mccontj01.html,190,6-1,28.0,IND,69.0,3.0,26.0,0.559,0.2,0.313,0.7,0.5,0.688,0.7,0.8,3.7,6.6,1.9,0.3,2.0,8.6,15.3,0.583,16.9,2.6,2.2,4.8,0.128,-0.2,1.7,1.4,1.5,"$3,500,000",0.0,2020
Bobby_Portis_2020,Bobby Portis,F,UFA,MIL,"11.4 Pts, 7.1 Reb, 1.1 Ast",MIL,/players/p/portibo01.html,250,6-10,25.0,MIL,66.0,7.0,20.8,0.523,1.1,0.471,2.4,0.8,0.74,1.1,1.9,7.1,1.1,0.8,0.4,0.8,11.4,20.9,0.598,19.9,2.8,2.0,4.8,0.167,1.8,-0.4,1.5,1.2,"$3,623,000",0.0,2020
Norman_Powell_2020,Norman Powell,G,UFA,POR,"18.6 Pts, 3.1 Reb, 1.9 Ast",POR,/players/p/powelno01.html,215,6-3,27.0,TOT,69.0,58.0,32.0,0.477,2.5,0.411,6.0,3.4,0.871,3.9,0.6,3.1,1.9,1.2,0.3,1.7,18.6,22.6,0.618,16.2,3.4,1.3,4.7,0.103,1.1,-0.7,0.4,1.3,"$10,865,952",0.0,2020
Reggie_Bullock_2020,Reggie Bullock,G-F,UFA,NYK,"10.9 Pts, 3.4 Reb, 1.5 Ast",DAL,/players/b/bullore01.html,205,6-6,29.0,NYK,65.0,64.0,30.0,0.442,2.5,0.41,6.1,0.8,0.909,0.8,0.2,3.4,1.5,0.8,0.2,0.7,10.9,14.4,0.606,11.1,2.3,2.3,4.6,0.114,-0.9,0.8,-0.1,0.9,"$4,200,000",0.0,2020
Danny_Green_2020,Danny Green,G-F,UFA,PHI,"9.5 Pts, 3.8 Reb, 1.7 Ast",PHI,/players/g/greenda02.html,215,6-6,33.0,PHI,69.0,69.0,28.0,0.412,2.5,0.405,6.3,0.4,0.775,0.6,0.8,3.8,1.7,1.3,0.8,1.0,9.5,14.0,0.582,12.1,1.6,3.1,4.6,0.115,0.4,1.5,1.9,1.9,"$15,365,853",0.0,2020
Bruce_Brown_2020,Bruce Brown,G,RFA,BRK,"8.8 Pts, 5.4 Reb, 1.6 Ast",BRK,/players/b/brownbr01.html,202,6-4,24.0,BRK,65.0,37.0,22.3,0.556,0.3,0.288,0.9,1.3,0.735,1.8,1.7,5.4,1.6,0.9,0.4,0.8,8.8,15.9,0.604,16.1,2.8,1.5,4.4,0.144,-0.4,0.2,-0.1,0.7,"$1,663,861",0.0,2020
Tim_Hardaway_Jr_2020,Tim Hardaway Jr.,G,UFA,DAL,"16.6 Pts, 3.3 Reb, 1.8 Ast",DAL,/players/h/hardati02.html,205,6-5,28.0,DAL,70.0,31.0,28.4,0.447,3.0,0.391,7.6,2.0,0.816,2.5,0.3,3.3,1.8,0.4,0.2,0.9,16.6,23.4,0.589,15.7,3.2,1.2,4.3,0.105,2.0,-1.7,0.4,1.2,"$18,975,000",0.0,2020
Daniel_Theis_2020,Daniel Theis,C,UFA,CHI,"9.6 Pts, 5.5 Reb, 1.7 Ast",HOU,/players/t/theisda01.html,245,6-8,28.0,TOT,65.0,51.0,24.6,0.541,0.8,0.322,2.3,1.1,0.673,1.7,1.4,5.5,1.7,0.6,0.9,1.0,9.6,15.6,0.609,15.0,2.4,1.8,4.3,0.128,-0.7,0.7,0.0,0.8,"$5,000,000",0.0,2020
Jeff_Green_2020,Jeff Green,F,UFA,BRK,"11.0 Pts, 3.9 Reb, 1.6 Ast",DEN,/players/g/greenje02.html,235,6-8,34.0,BRK,68,38,27.0,.492,1.5,.412,3.7,1.8,.776,2.4,0.5,3.9,1.6,0.5,0.4,0.8,11.0,15.6,0.624,13.0,2.9,1.2,4.1,0.107,0.0,-0.9,-0.8,0.6,"$2,564,753",0.0,2020
Kyle_Lowry_2020,Kyle Lowry,G,UFA,TOR,"17.2 Pts, 5.4 Reb, 7.3 Ast",MIA,/players/l/lowryky01.html,196,6-0,34.0,TOR,46.0,46.0,34.8,0.436,2.8,0.396,7.2,3.0,0.875,3.5,0.8,5.4,7.3,1.0,0.3,2.7,17.2,21.4,0.593,16.5,2.9,1.3,4.1,0.124,2.0,-0.4,1.6,1.5,"$30,500,000",0.0,2020
Dwight_Howard_2020,Dwight Howard,C,UFA,PHI,"7.0 Pts, 8.4 Reb, 0.9 Ast",LAL,/players/h/howardw01.html,265,6-10,35.0,PHI,69.0,6.0,17.3,0.587,0.1,0.25,0.3,1.8,0.576,3.0,2.8,8.4,0.9,0.4,0.9,1.6,7.0,18.2,0.61,17.8,1.3,2.6,4.0,0.159,-2.1,0.6,-1.5,0.1,"$2,564,753",0.0,2020
DeAndre_Jordan_2020,DeAndre Jordan,C,UFA,DET,"7.5 Pts, 7.5 Reb, 1.6 Ast",LAL,/players/j/jordade01.html,265,6-11,32.0,BRK,57.0,43.0,21.9,0.763,0.0,0.0,0.0,0.8,0.5,1.6,2.1,7.5,1.6,0.3,1.1,1.5,7.5,13.1,0.736,17.1,2.4,1.5,3.9,0.152,0.1,1.0,1.0,0.9,"$10,375,678",0.0,2020
Khem_Birch_2020,Khem Birch,C-F,UFA,TOR,"7.2 Pts, 5.8 Reb, 1.3 Ast",TOR,/players/b/birchkh01.html,233,6-9,28.0,TOT,67.0,22.0,22.8,0.497,0.2,0.25,0.8,1.4,0.705,1.9,2.6,5.8,1.3,0.7,0.7,0.7,7.2,13.6,0.552,15.1,2.3,1.4,3.8,0.118,-1.0,0.1,-1.0,0.4,"$2,586,036$425,463",0.0,2020
Taj_Gibson_2020,Taj Gibson,F,UFA,NYK,"5.4 Pts, 5.6 Reb, 0.8 Ast",NYK,/players/g/gibsota01.html,232,6-9,35.0,NYK,45.0,3.0,20.8,0.627,0.1,0.2,0.3,0.9,0.727,1.2,2.2,5.6,0.8,0.7,1.1,0.5,5.4,9.7,0.661,16.0,2.1,1.7,3.8,0.195,-0.7,2.1,1.3,0.8,"$3,283,684",0.0,2020
Doug_McDermott_2020,Doug McDermott,F,UFA,IND,"13.6 Pts, 3.3 Reb, 1.3 Ast",SAS,/players/m/mcderdo01.html,225,6-7,29.0,IND,66.0,29.0,24.5,0.532,1.7,0.388,4.3,1.2,0.816,1.5,0.9,3.3,1.3,0.3,0.1,0.8,13.6,20.0,0.635,15.6,3.1,0.7,3.8,0.112,1.4,-2.0,-0.6,0.6,"$7,333,333",0.0,2020
Dennis_Schroder_2020,Dennis Schröder,G,UFA,LAL,"15.4 Pts, 3.5 Reb, 5.8 Ast",BOS,/players/s/schrode01.html,172,6-3,27.0,LAL,61.0,61.0,32.1,0.437,1.2,0.335,3.5,3.4,0.848,4.0,0.5,3.5,5.8,1.1,0.2,2.7,15.4,22.9,0.543,13.8,1.0,2.7,3.8,0.093,-1.3,0.1,-1.2,0.4,"$16,000,000",0.0,2020
Reggie_Jackson_2020,Reggie Jackson,G,UFA,LAC,"10.7 Pts, 2.9 Reb, 3.1 Ast",LAC,/players/j/jacksre01.html,208,6-2,30.0,LAC,67.0,43.0,23.0,0.45,1.8,0.433,4.2,1.0,0.817,1.2,0.4,2.9,3.1,0.6,0.1,1.1,10.7,19.9,0.576,14.2,2.3,1.4,3.7,0.115,0.6,-0.2,0.4,0.9,"$2,331,593",0.0,2020
Robin_Lopez_2020,Robin Lopez,C,UFA,WAS,"9.0 Pts, 3.8 Reb, 0.8 Ast",ORL,/players/l/lopezro01.html,281,7-0,32.0,WAS,71.0,9.0,19.1,0.633,0.1,0.278,0.3,1.4,0.723,1.9,2.0,3.8,0.8,0.2,0.6,1.1,9.0,17.1,0.661,16.7,2.8,0.9,3.7,0.131,0.2,-1.2,-1.0,0.4,"$7,300,000",0.0,2020
Duncan_Robinson_2020,Duncan Robinson,G-F,RFA,MIA,"13.1 Pts, 3.5 Reb, 1.8 Ast",MIA,/players/r/robindu01.html,215,6-7,26.0,MIA,72,72,31.4,0.439,3.5,0.408,8.5,0.9,0.827,1.0,0.1,3.5,1.8,0.6,0.3,1.1,13.1,16.6,0.628,11.0,1.9,1.8,3.7,0.079,-0.2,-0.8,-1.0,0.6,"$1,663,861",0.0,2020
Cameron_Payne_2020,Cameron Payne,G,UFA,PHO,"8.4 Pts, 2.4 Reb, 3.6 Ast",PHO,/players/p/payneca01.html,183,6-1,26.0,PHO,60.0,1.0,18.0,0.484,1.2,0.44,2.8,0.8,0.893,0.9,0.3,2.4,3.6,0.6,0.3,1.0,8.4,19.8,0.602,17.4,2.4,1.2,3.6,0.158,2.1,1.0,3.1,1.4,"$1,977,011",0.0,2020
Devonte_Graham_2020,Devonte' Graham,G,RFA,CHO,"14.8 Pts, 2.7 Reb, 5.4 Ast",NOP,/players/g/grahade01.html,195,6-1,25.0,CHO,55.0,44.0,30.2,0.377,3.3,0.375,8.7,2.4,0.842,2.9,0.4,2.7,5.4,0.9,0.1,1.5,14.8,21.4,0.552,14.6,2.5,0.9,3.4,0.099,1.8,-1.1,0.7,1.1,"$1,663,861",0.0,2020
Kevon_Looney_2020,Kevon Looney,F-C,UFA,GSW,"4.1 Pts, 5.3 Reb, 2.0 Ast",,/players/l/looneke01.html,222,6-9,24.0,GSW,61,34,19.0,0.548,0.1,0.235,0.3,0.5,0.646,0.8,1.9,5.3,2.0,0.3,0.4,0.6,4.1,9.4,0.575,11.9,2.0,1.4,3.4,0.139,-1.8,1.0,-0.9,0.3,"$4,821,429",0.0,2020
Mitchell_Robinson_2020,Mitchell Robinson,C,RFA,NYK,"8.3 Pts, 8.1 Reb, 0.5 Ast",,/players/r/robinmi01.html,240,7-0,22.0,NYK,31,29,27.5,0.653,0.0,,0.0,0.8,0.491,1.7,3.6,8.1,0.5,1.1,1.5,0.8,8.3,11.8,0.642,17.7,1.8,1.7,3.4,0.192,-0.3,1.5,1.2,0.7,"$1,663,861",0.0,2020
Alec_Burks_2020,Alec Burks,G,UFA,NYK,"12.7 Pts, 4.6 Reb, 2.2 Ast",NYK,/players/b/burksal01.html,214,6-6,29.0,NYK,49.0,5.0,25.6,0.42,2.1,0.415,5.0,2.1,0.856,2.4,0.4,4.6,2.2,0.6,0.3,1.0,12.7,21.3,0.564,14.8,1.5,1.8,3.3,0.126,0.9,0.6,1.5,1.1,"$6,000,000",0.0,2020
Kemba_Walker_2020,Kemba Walker,G,UFA,OKC,"19.3 Pts, 4.0 Reb, 4.9 Ast",NYK,/players/w/walkeke02.html,184,6-0,30.0,BOS,43.0,43.0,31.8,0.42,3.0,0.36,8.2,3.1,0.899,3.5,0.4,4.0,4.9,1.1,0.3,2.0,19.3,26.1,0.559,17.7,2.1,1.1,3.3,0.115,2.8,-0.7,2.1,1.4,"$34,379,100",0.0,2020
Cody_Zeller_2020,Cody Zeller,C-F,UFA,CHO,"9.4 Pts, 6.8 Reb, 1.8 Ast",POR,/players/z/zelleco01.html,240,6-11,28.0,CHO,48.0,21.0,20.9,0.559,0.1,0.143,0.6,1.8,0.714,2.5,2.5,6.8,1.8,0.6,0.4,1.1,9.4,18.3,0.599,18.2,2.1,1.1,3.3,0.156,-0.2,-0.2,-0.5,0.4,"$15,415,730",0.0,2020
Lonzo_Ball_2020,Lonzo Ball,G,RFA,NOP,"14.6 Pts, 4.8 Reb, 5.7 Ast",CHI,/players/b/balllo01.html,190,6-6,23.0,NOP,55.0,55.0,31.8,0.414,3.1,0.378,8.3,0.9,0.781,1.2,0.6,4.8,5.7,1.5,0.6,2.2,14.6,20.5,0.551,15.2,1.5,1.7,3.2,0.089,1.4,0.3,1.7,1.6,"$11,003,782",0.0,2020
Paul_Millsap_2020,Paul Millsap,F,UFA,DEN,"9.0 Pts, 4.7 Reb, 1.8 Ast",BRK,/players/m/millspa01.html,257,6-7,35.0,DEN,56.0,36.0,20.8,0.476,0.9,0.343,2.6,1.3,0.724,1.8,1.4,4.7,1.8,0.9,0.6,0.9,9.0,18.6,0.565,16.4,1.7,1.6,3.2,0.133,0.3,0.7,1.0,0.9,"$10,000,000",0.0,2020
Derrick_Rose_2020,Derrick Rose,G,UFA,NYK,"14.7 Pts, 2.6 Reb, 4.2 Ast",NYK,/players/r/rosede01.html,200,6-2,32.0,TOT,50,3,25.6,.470,1.0,.388,2.6,2.2,.866,2.5,0.4,2.6,4.2,1.0,0.4,1.6,14.7,25.8,0.55,18.3,1.6,1.6,3.1,0.118,1.6,0.3,1.9,1.3,"$7,682,926",0.0,2020
Jarred_Vanderbilt_2020,Jarred Vanderbilt,F,RFA,MIN,"5.4 Pts, 5.8 Reb, 1.2 Ast",MIN,/players/v/vandeja01.html,214,6-9,21.0,MIN,64.0,30.0,17.8,0.606,0.0,0.2,0.1,0.9,0.559,1.6,1.8,5.8,1.2,1.0,0.7,0.8,5.4,12.3,0.612,16.2,1.6,1.5,3.1,0.132,-1.4,1.4,-0.1,0.5,"$1,663,861",0.0,2020
Serge_Ibaka_2020,Serge Ibaka,F-C,UFA,LAC,"11.1 Pts, 6.7 Reb, 1.8 Ast",,/players/i/ibakase01.html,235,6-10,31.0,LAC,41,39,23.3,.510,1.0,.339,2.8,1.0,.811,1.3,1.8,6.7,1.8,0.2,1.1,1.1,11.1,20.1,0.585,18.2,1.7,1.3,3.0,0.15,1.2,0.2,1.4,0.8,"$9,258,000",0.0,2020
Lauri_Markkanen_2020,Lauri Markkanen,F-C,RFA,CHI,"13.6 Pts, 5.3 Reb, 0.9 Ast",CLE,/players/m/markkla01.html,240,7-0,23.0,CHI,51.0,26.0,25.8,0.48,2.3,0.402,5.8,1.5,0.826,1.8,0.7,5.3,0.9,0.5,0.3,1.0,13.6,20.2,0.619,15.2,1.7,1.3,3.0,0.109,1.0,-0.9,0.1,0.7,"$6,731,508",0.0,2020
Willy_Hernangomez_2020,Willy Hernangómez,C,UFA,NOP,"7.8 Pts, 7.1 Reb, 1.1 Ast",NOP,/players/h/hernawi01.html,250,6-11,26.0,NOP,47.0,12.0,18.0,0.563,0.0,0.1,0.2,1.3,0.667,2.0,2.5,7.1,1.1,0.5,0.5,0.7,7.8,17.0,0.591,19.6,1.9,1.0,2.9,0.163,1.0,-1.0,0.0,0.4,"$1,737,145",0.0,2020
Kendrick_Nunn_2020,Kendrick Nunn,G,UFA,MIA,"14.6 Pts, 3.2 Reb, 2.6 Ast",LAL,/players/n/nunnke01.html,190,6-2,25.0,MIA,56,44,29.5,.485,2.2,.381,5.7,1.0,.933,1.1,0.4,3.2,2.6,0.9,0.3,1.4,14.6,20.9,0.596,14.2,1.4,1.5,2.9,0.084,-0.1,-0.4,-0.5,0.6,"$1,663,861",0.0,2020
Willie_Cauley-Stein_2020,Willie Cauley-Stein,F-C,UFA,DAL,"5.3 Pts, 4.5 Reb, 0.7 Ast",DAL,/players/c/caulewi01.html,240,7-0,27.0,DAL,53.0,16.0,17.1,0.632,0.0,0.091,0.2,0.9,0.628,1.5,1.2,4.5,0.7,0.4,0.8,0.5,5.3,12.0,0.647,14.3,1.6,1.2,2.8,0.147,-2.2,0.9,-1.3,0.2,"$4,100,000",0.0,2020
Evan_Fournier_2020,Evan Fournier,G-F,UFA,BOS,"17.1 Pts, 3.0 Reb, 3.4 Ast",NYK,/players/f/fournev01.html,205,6-7,28.0,TOT,42.0,36.0,30.0,0.457,2.8,0.413,6.7,2.6,0.788,3.3,0.2,3.0,3.4,1.1,0.5,1.7,17.1,23.1,0.598,16.7,1.8,1.0,2.8,0.107,1.5,-0.4,1.1,1.0,"$17,450,000",0.0,2020
Marc_Gasol_2020,Marc Gasol,C,UFA,MEM,"5.0 Pts, 4.1 Reb, 2.1 Ast",,/players/g/gasolma01.html,255,6-11,36.0,LAL,52,42,19.1,.454,1.0,.410,2.3,0.7,.720,1.0,0.7,4.1,2.1,0.5,1.1,1.0,5.0,11.8,0.606,12.2,0.8,1.9,2.8,0.133,-1.4,3.7,2.3,1.1,"$2,564,753",0.0,2020
Raul_Neto_2020,Raul Neto,G,UFA,WAS,"8.7 Pts, 2.4 Reb, 2.3 Ast",WAS,/players/n/netora01.html,180,6-1,28.0,WAS,64.0,22.0,21.9,0.468,1.0,0.39,2.6,1.2,0.882,1.3,0.4,2.4,2.3,1.1,0.1,0.8,8.7,15.8,0.575,13.0,1.5,1.3,2.8,0.097,-1.4,0.9,-0.6,0.5,"$1,882,867",0.0,2020
Tony_Bradley_2020,Tony Bradley,F-C,RFA,OKC,"7.1 Pts, 5.7 Reb, 0.9 Ast",CHI,/players/b/bradlto01.html,248,6-10,23.0,TOT,42.0,8.0,16.3,0.665,0.0,0.0,0.1,0.9,0.691,1.3,2.0,5.7,0.9,0.4,0.7,0.8,7.1,15.8,0.678,20.7,1.8,1.0,2.7,0.192,1.2,0.1,1.3,0.6,"$3,542,060",0.0,2020
Bryn_Forbes_2020,Bryn Forbes,G,UFA,MIL,"10.0 Pts, 1.6 Reb, 0.6 Ast",SAS,/players/f/forbebr01.html,205,6-2,27.0,MIL,70.0,10.0,19.3,0.473,2.2,0.452,4.9,0.7,0.77,0.9,0.2,1.6,0.6,0.3,0.0,0.6,10.0,18.5,0.631,12.8,2.0,0.7,2.7,0.096,0.4,-1.7,-1.3,0.2,"$2,337,145",0.0,2020
Josh_Hart_2020,Josh Hart,G,RFA,NOP,"9.2 Pts, 8.0 Reb, 2.3 Ast",NOP,/players/h/hartjo01.html,215,6-5,25.0,NOP,47.0,4.0,28.7,0.439,1.3,0.326,4.1,1.5,0.775,1.9,1.1,8.0,2.3,0.8,0.3,1.0,9.2,13.5,0.566,12.2,1.4,1.3,2.7,0.097,-1.1,0.3,-0.8,0.4,"$3,491,159",0.0,2020
Alex_Len_2020,Alex Len,C,UFA,WAS,"6.6 Pts, 4.1 Reb, 0.8 Ast",SAC,/players/l/lenal01.html,250,7-0,27.0,TOT,64.0,42.0,15.3,0.615,0.1,0.32,0.4,1.1,0.629,1.8,1.2,4.1,0.8,0.3,1.0,0.9,6.6,16.3,0.643,16.4,1.5,1.3,2.7,0.133,-1.2,1.0,-0.1,0.5,"$2,258,000$1,697,755",0.0,2020
Carmelo_Anthony_2020,Carmelo Anthony,F,UFA,POR,"13.4 Pts, 3.1 Reb, 1.5 Ast",LAL,/players/a/anthoca01.html,238,6-7,36.0,POR,69.0,3.0,24.5,0.421,1.9,0.409,4.7,2.0,0.89,2.2,0.5,3.1,1.5,0.7,0.6,0.9,13.4,23.1,0.547,14.6,1.7,0.8,2.6,0.073,0.2,-1.3,-1.1,0.4,"$2,564,753",0.0,2020
JaMychal_Green_2020,JaMychal Green,F,UFA,DEN,"8.1 Pts, 4.8 Reb, 0.9 Ast",DEN,/players/g/greenja01.html,227,6-8,30.0,DEN,58.0,5.0,19.3,0.463,1.4,0.399,3.4,0.8,0.807,1.0,1.5,4.8,0.9,0.4,0.4,0.9,8.1,17.6,0.59,13.6,1.4,1.2,2.6,0.11,-0.5,-1.0,-1.5,0.1,"$7,199,760",0.0,2020
Georges_Niang_2020,Georges Niang,F,UFA,UTA,"6.9 Pts, 2.4 Reb, 0.8 Ast",PHI,/players/n/niangge01.html,230,6-7,27.0,UTA,72.0,10.0,16.0,0.437,1.7,0.425,4.1,0.3,0.957,0.3,0.4,2.4,0.8,0.3,0.1,0.7,6.9,17.4,0.602,11.4,1.2,1.4,2.6,0.108,-0.4,0.1,-0.3,0.5,"$1,783,557",0.0,2020
Alex_Caruso_2020,Alex Caruso,G,UFA,LAL,"6.4 Pts, 2.9 Reb, 2.8 Ast",CHI,/players/c/carusal01.html,186,6-4,26.0,LAL,58.0,6.0,21.0,0.436,0.9,0.401,2.4,0.8,0.645,1.3,0.5,2.9,2.8,1.1,0.3,1.3,6.4,14.8,0.547,11.1,0.3,2.1,2.4,0.095,-2.5,2.5,0.0,0.6,"$2,750,000",0.0,2020
Derrick_Jones_Jr_2020,Derrick Jones Jr.,F,UFA,POR,"6.8 Pts, 3.5 Reb, 0.8 Ast",,/players/j/jonesde02.html,210,6-5,23.0,POR,58.0,43.0,22.7,0.484,0.7,0.316,2.3,1.0,0.648,1.6,1.3,3.5,0.8,0.6,0.9,0.6,6.8,12.3,0.576,11.9,1.6,0.8,2.4,0.089,-1.4,0.0,-1.4,0.2,"$9,258,000",0.0,2020
Josh_Richardson_2020,Josh Richardson,G,UFA,DAL,"12.1 Pts, 3.3 Reb, 2.6 Ast",BOS,/players/r/richajo01.html,200,6-5,27.0,DAL,59.0,56.0,30.3,0.427,1.5,0.33,4.5,1.7,0.917,1.8,0.9,3.3,2.6,1.0,0.4,1.3,12.1,18.4,0.537,11.9,1.0,1.4,2.4,0.066,-1.5,-0.2,-1.7,0.1,"$10,865,952",0.0,2020
Bismack_Biyombo_2020,Bismack Biyombo,C-F,UFA,CHO,"5.0 Pts, 5.3 Reb, 1.2 Ast",PHO,/players/b/biyombi01.html,255,6-8,28.0,CHO,66.0,36.0,20.4,0.587,0.0,0.0,0.0,0.7,0.448,1.6,2.1,5.3,1.2,0.3,1.1,1.1,5.0,11.5,0.574,11.7,0.9,1.4,2.3,0.081,-3.4,0.4,-3.0,-0.4,"$3,500,000",0.0,2020
Garrison_Mathews_2020,Garrison Mathews,G,UFA,WAS,"5.5 Pts, 1.4 Reb, 0.4 Ast",BOS,/players/m/mathega01.html,215,6-5,24.0,WAS,64.0,24.0,16.2,0.409,1.2,0.384,3.1,1.3,0.884,1.5,0.3,1.4,0.4,0.5,0.1,0.2,5.5,11.5,0.635,9.7,1.7,0.6,2.3,0.108,-1.7,-0.1,-1.8,0.1,< $Minimum,0.0,2020
Will_Barton_2020,Will Barton,G,UFA,DEN,"12.7 Pts, 4.0 Reb, 3.2 Ast",DEN,/players/b/bartowi01.html,181,6-6,30.0,DEN,56.0,52.0,31.0,0.426,1.8,0.381,4.6,1.7,0.785,2.2,0.7,4.0,3.2,0.9,0.4,1.7,12.7,19.0,0.538,11.8,0.7,1.5,2.2,0.061,-1.0,-0.8,-1.9,0.1,"$13,723,214",0.0,2020
Torrey_Craig_2020,Torrey Craig,G-F,UFA,PHO,"5.5 Pts, 3.9 Reb, 1.0 Ast",IND,/players/c/craigto01.html,221,6-7,30.0,TOT,50.0,8.0,16.1,0.48,0.8,0.368,2.1,0.3,0.773,0.4,1.1,3.9,1.0,0.6,0.5,0.5,5.5,14.3,0.579,14.2,1.1,1.1,2.2,0.133,-0.3,0.7,0.4,0.5,"$1,678,854",0.0,2020
Patty_Mills_2020,Patty Mills,G,UFA,SAS,"10.8 Pts, 1.7 Reb, 2.4 Ast",BRK,/players/m/millspa02.html,180,6-1,32.0,SAS,68.0,1.0,24.8,0.412,2.4,0.375,6.3,1.0,0.91,1.1,0.3,1.7,2.4,0.6,0.0,1.0,10.8,18.4,0.57,11.8,1.3,0.8,2.2,0.062,0.0,-1.2,-1.2,0.4,"$13,535,714",0.0,2020
Kelly_Oubre_Jr_2020,Kelly Oubre Jr.,F,UFA,GSW,"15.4 Pts, 6.0 Reb, 1.3 Ast",CHO,/players/o/oubreke01.html,203,6-7,25.0,GSW,55.0,50.0,30.7,0.439,1.6,0.316,5.2,2.2,0.695,3.2,1.5,6.0,1.3,1.0,0.8,1.3,15.4,22.1,0.529,13.3,0.0,2.2,2.2,0.062,-1.4,-0.5,-1.9,0.0,"$14,375,000",0.0,2020
Gorgui_Dieng_2020,Gorgui Dieng,C,UFA,SAS,"6.8 Pts, 3.7 Reb, 1.3 Ast",ATL,/players/d/dienggo01.html,252,6-10,31.0,TOT,38.0,1.0,14.5,0.521,0.8,0.429,1.8,1.5,0.866,1.8,1.1,3.7,1.3,0.7,0.4,0.8,6.8,17.4,0.67,19.2,1.3,0.8,2.1,0.185,1.8,1.5,3.4,0.7,"$16,587,688$1,000,000",0.0,2020
Talen_Horton-Tucker_2020,Talen Horton-Tucker,G-F,RFA,LAL,"9.0 Pts, 2.6 Reb, 2.8 Ast",LAL,/players/h/hortota01.html,234,6-4,20.0,LAL,65,4,20.1,0.458,0.6,0.282,2.0,1.5,0.775,2.0,0.4,2.6,2.8,1.0,0.3,1.6,9.0,21.7,0.536,12.9,-0.1,2.2,2.1,0.078,-2.6,1.5,-1.2,0.3,"$1,517,981",0.0,2020
Andre_Drummond_2020,Andre Drummond,C,UFA,LAL,"14.9 Pts, 12.0 Reb, 2.0 Ast",PHI,/players/d/drumman01.html,279,6-10,27.0,TOT,46.0,46.0,27.0,0.493,0.0,0.0,0.2,2.7,0.6,4.5,3.6,12.0,2.0,1.4,1.1,2.7,14.9,27.6,0.519,19.4,-0.6,2.5,2.0,0.077,-1.7,0.5,-1.2,0.3,"$27,957,238$794,536",0.0,2020
James_Ennis_III_2020,James Ennis III,F,UFA,ORL,"8.4 Pts, 4.0 Reb, 1.5 Ast",LAC,/players/e/ennisja01.html,215,6-6,30.0,ORL,41.0,37.0,24.0,0.473,1.1,0.433,2.5,1.7,0.805,2.1,1.0,4.0,1.5,0.8,0.2,0.9,8.4,13.9,0.613,12.5,1.3,0.7,2.0,0.097,-1.9,-0.3,-2.2,-0.1,"$3,300,000",0.0,2020
Blake_Griffin_2020,Blake Griffin,F,UFA,BRK,"11.0 Pts, 4.9 Reb, 3.0 Ast",BRK,/players/g/griffbl01.html,250,6-9,31.0,TOT,46,30,25.8,.423,1.5,.341,4.5,1.9,.744,2.5,0.8,4.9,3.0,0.7,0.3,1.3,11.0,19.3,0.546,12.9,0.9,1.1,2.0,0.081,-0.8,0.0,-0.8,0.3,"$32,670,565$1,229,676",0.0,2020
Frank_Kaminsky_2020,Frank Kaminsky,F-C,UFA,PHO,"6.6 Pts, 4.0 Reb, 1.7 Ast",PHO,/players/k/kaminfr01.html,240,7-0,27.0,PHO,47.0,13.0,15.2,0.471,0.7,0.365,1.8,0.8,0.617,1.3,0.8,4.0,1.7,0.3,0.4,0.5,6.6,19.0,0.547,15.8,1.1,0.9,2.0,0.133,0.4,0.8,1.3,0.6,"$1,882,867",0.0,2020
Furkan_Korkmaz_2020,Furkan Korkmaz,G,UFA,PHI,"9.1 Pts, 2.1 Reb, 1.5 Ast",PHI,/players/k/korkmfu01.html,202,6-7,23.0,PHI,55,11,19.3,0.401,1.8,0.375,4.9,1.1,0.732,1.5,0.3,2.1,1.5,0.9,0.2,0.8,9.1,20.5,0.544,12.8,0.6,1.5,2.0,0.092,-0.3,0.2,-0.1,0.5,"$1,762,796",0.0,2020
Tony_Snell_2020,Tony Snell,G-F,UFA,ATL,"5.3 Pts, 2.4 Reb, 1.3 Ast",POR,/players/s/snellto01.html,213,6-6,29.0,ATL,47.0,23.0,21.1,0.515,1.3,0.569,2.3,0.2,1.0,0.2,0.4,2.4,1.3,0.3,0.2,0.4,5.3,8.6,0.708,9.5,1.6,0.5,2.0,0.099,-0.4,-0.1,-0.5,0.4,"$12,178,571",0.0,2020
Wayne_Ellington_2020,Wayne Ellington,G,UFA,DET,"9.6 Pts, 1.8 Reb, 1.5 Ast",LAL,/players/e/ellinwa01.html,207,6-4,33.0,DET,46.0,31.0,22.0,0.441,2.5,0.422,6.0,0.6,0.8,0.8,0.3,1.8,1.5,0.4,0.2,0.7,9.6,16.7,0.625,12.2,1.3,0.5,1.9,0.088,1.1,-1.3,-0.2,0.5,"$2,564,753$1,000,000",0.0,2020
Kent_Bazemore_2020,Kent Bazemore,G-F,UFA,GSW,"7.2 Pts, 3.4 Reb, 1.6 Ast",LAL,/players/b/bazemke01.html,195,6-4,31.0,GSW,67.0,18.0,19.9,0.449,1.1,0.408,2.7,0.8,0.692,1.2,0.4,3.4,1.6,1.0,0.5,1.2,7.2,16.3,0.564,10.6,-0.2,2.1,1.8,0.065,-2.9,1.7,-1.2,0.2,"$2,320,044",0.0,2020
Sterling_Brown_2020,Sterling Brown,G,UFA,HOU,"8.2 Pts, 4.4 Reb, 1.4 Ast",DAL,/players/b/brownst02.html,219,6-5,25.0,HOU,51.0,14.0,24.1,0.448,1.8,0.423,4.2,0.5,0.806,0.6,0.7,4.4,1.4,0.7,0.2,0.8,8.2,13.5,0.597,11.1,1.0,0.8,1.8,0.071,-1.6,0.0,-1.6,0.1,"$1,678,854",0.0,2020
Rudy_Gay_2020,Rudy Gay,F,UFA,SAS,"11.4 Pts, 4.8 Reb, 1.4 Ast",UTA,/players/g/gayru01.html,250,6-8,34.0,SAS,63.0,1.0,21.6,0.42,1.7,0.381,4.4,1.3,0.804,1.6,0.7,4.8,1.4,0.7,0.6,1.0,11.4,23.6,0.532,14.7,0.0,1.7,1.7,0.059,-0.1,0.0,-0.1,0.6,"$14,500,000",0.0,2020
Andre_Iguodala_2020,Andre Iguodala,G-F,UFA,MIA,"4.4 Pts, 3.5 Reb, 2.3 Ast",GSW,/players/i/iguodan01.html,215,6-6,37.0,MIA,63.0,5.0,21.3,0.383,1.0,0.33,2.9,0.4,0.658,0.6,0.6,3.5,2.3,0.9,0.6,1.1,4.4,11.2,0.519,9.2,-0.1,1.8,1.7,0.062,-2.2,1.8,-0.4,0.5,"$15,000,000",0.0,2020
Wesley_Matthews_2020,Wesley Matthews,G,UFA,LAL,"4.8 Pts, 1.6 Reb, 0.9 Ast",MIL,/players/m/matthwe02.html,220,6-4,34.0,LAL,58.0,10.0,19.5,0.353,1.1,0.335,3.4,0.6,0.854,0.7,0.3,1.6,0.9,0.7,0.3,0.4,4.8,11.4,0.517,7.2,0.2,1.5,1.7,0.073,-3.1,1.4,-1.7,0.1,"$3,623,000",0.0,2020
Gary_Trent_Jr_2020,Gary Trent Jr.,G,RFA,TOR,"15.3 Pts, 2.6 Reb, 1.4 Ast",TOR,/players/t/trentga02.html,209,6-5,22.0,TOT,58.0,38.0,31.1,0.408,2.8,0.385,7.4,1.4,0.783,1.8,0.5,2.6,1.4,1.0,0.2,0.7,15.3,20.9,0.534,12.1,1.0,0.7,1.7,0.045,-0.5,-1.7,-2.3,-0.1,"$1,663,861",0.0,2020
Lou_Williams_2020,Lou Williams,G,UFA,ATL,"11.3 Pts, 2.1 Reb, 3.4 Ast",,/players/w/willilo02.html,175,6-1,34.0,TOT,66.0,4.0,21.6,0.41,1.0,0.399,2.6,2.3,0.867,2.6,0.3,2.1,3.4,0.7,0.1,1.6,11.3,25.7,0.519,14.0,0.5,1.2,1.7,0.056,-1.0,-1.5,-2.5,-0.2,"$8,000,000",0.0,2020
Trevor_Ariza_2020,Trevor Ariza,F,UFA,MIA,"9.4 Pts, 4.8 Reb, 1.8 Ast",LAL,/players/a/arizatr01.html,215,6-8,35.0,MIA,30.0,27.0,28.0,0.411,1.7,0.35,4.8,1.1,0.773,1.5,0.9,4.8,1.8,1.0,0.6,0.7,9.4,15.1,0.542,11.9,0.5,1.0,1.6,0.091,-1.2,0.1,-1.1,0.2,"$12,800,000",0.0,2020
Hamidou_Diallo_2020,Hamidou Diallo,G,RFA,DET,"11.6 Pts, 5.2 Reb, 1.9 Ast",,/players/d/diallha01.html,202,6-5,22.0,TOT,52.0,9.0,23.6,0.477,0.5,0.341,1.6,2.5,0.64,3.8,1.1,5.2,1.9,0.8,0.5,1.5,11.6,22.2,0.541,14.3,0.3,1.3,1.6,0.063,-2.2,0.1,-2.1,0.0,"$1,663,861",0.0,2020
Isaiah_Hartenstein_2020,Isaiah Hartenstein,F,RFA,CLE,"5.1 Pts, 3.9 Reb, 1.2 Ast",LAC,/players/h/harteis01.html,250,7-0,22.0,TOT,46.0,2.0,12.2,0.55,0.0,0.333,0.1,1.0,0.648,1.5,1.4,3.9,1.2,0.4,0.8,1.0,5.1,19.2,0.583,17.9,0.7,0.9,1.6,0.134,-2.4,1.5,-0.9,0.2,"$1,620,564",0.0,2020
Markieff_Morris_2020,Markieff Morris,F,UFA,LAL,"6.7 Pts, 4.4 Reb, 1.2 Ast",MIA,/players/m/morrima02.html,245,6-9,31.0,LAL,61.0,27.0,19.7,0.405,1.1,0.311,3.4,0.6,0.72,0.8,0.8,4.4,1.2,0.4,0.3,0.9,6.7,16.4,0.509,9.3,-0.2,1.8,1.6,0.062,-2.9,0.3,-2.6,-0.2,"$2,331,593",0.0,2020
Jeff_Teague_2020,Jeff Teague,G,UFA,MIL,"6.7 Pts, 1.6 Reb, 2.4 Ast",,/players/t/teaguje01.html,195,6-3,32.0,TOT,55.0,7.0,17.3,0.433,0.7,0.439,1.5,1.6,0.848,1.9,0.3,1.6,2.4,0.6,0.2,1.2,6.7,17.7,0.562,12.3,0.8,0.8,1.6,0.079,-1.7,-0.5,-2.2,-0.1,"$2,564,753$808,073",0.0,2020
Garrett_Temple_2020,Garrett Temple,G,UFA,CHI,"7.6 Pts, 2.9 Reb, 2.2 Ast",NOP,/players/t/templga01.html,195,6-5,34.0,CHI,56,25,27.3,.415,1.2,.335,3.6,0.7,.800,0.9,0.5,2.9,2.2,0.8,0.5,1.0,7.6,13.1,0.525,8.2,0.2,1.4,1.6,0.05,-3.3,0.3,-3.1,-0.4,"$4,767,000",0.0,2020
Saben_Lee_2020,Saben Lee,G,RFA,DET,"5.6 Pts, 2.0 Reb, 3.6 Ast",DET,/players/l/leesa01.html,183,6-2,21.0,DET,48,7,16.3,0.471,0.2,0.348,0.5,1.3,0.685,1.9,0.4,2.0,3.6,0.7,0.3,1.1,5.6,17.0,0.536,13.8,0.7,0.8,1.5,0.091,-2.1,0.2,-2.0,0.0,< $Minimum,0.0,2020
George_Hill_2020,George Hill,G,UFA,PHI,"8.7 Pts, 2.0 Reb, 2.4 Ast",MIL,/players/h/hillge01.html,188,6-4,34.0,TOT,30.0,17.0,22.4,0.482,1.0,0.388,2.7,1.3,0.8,1.7,0.5,2.0,2.4,0.8,0.2,1.0,8.7,15.9,0.596,13.1,0.9,0.6,1.4,0.1,-1.0,-0.2,-1.2,0.1,"$9,590,602",0.0,2020
Edmond_Sumner_2020,Edmond Sumner,G,UFA,IND,"7.5 Pts, 1.8 Reb, 0.9 Ast",,/players/s/sumneed01.html,196,6-4,25.0,IND,53,24,16.2,0.525,0.7,0.398,1.7,1.3,0.819,1.6,0.3,1.8,0.9,0.6,0.2,1.0,7.5,18.3,0.626,12.7,0.7,0.7,1.4,0.077,-2.3,-0.5,-2.8,-0.2,"$2,160,000",0.0,2020
Goran_Dragic_2020,Goran Dragić,G,UFA,MIA,"13.4 Pts, 3.4 Reb, 4.4 Ast",MIA,/players/d/dragigo01.html,190,6-3,34.0,MIA,50.0,11.0,26.7,0.432,1.8,0.373,4.9,2.0,0.828,2.4,0.5,3.4,4.4,0.7,0.2,2.4,13.4,24.5,0.552,13.0,0.2,1.2,1.3,0.048,-1.1,-1.3,-2.3,-0.1,"$18,000,000",0.0,2020
Solomon_Hill_2020,Solomon Hill,F,UFA,ATL,"4.5 Pts, 3.0 Reb, 1.1 Ast",ATL,/players/h/hillso01.html,226,6-6,29.0,ATL,71.0,16.0,21.3,0.359,1.0,0.321,3.0,0.5,0.761,0.6,0.6,3.0,1.1,0.7,0.2,0.6,4.5,10.4,0.498,6.7,0.1,1.2,1.3,0.04,-3.0,0.5,-2.5,-0.2,"$2,174,318",0.0,2020
Mike_Muscala_2020,Mike Muscala,F-C,UFA,OKC,"9.7 Pts, 3.8 Reb, 0.8 Ast",OKC,/players/m/muscami01.html,240,6-10,29.0,OKC,35.0,0.0,18.4,0.446,1.9,0.37,5.3,0.9,0.917,1.0,0.5,3.8,0.8,0.2,0.3,0.6,9.7,20.0,0.599,14.7,0.9,0.4,1.3,0.096,0.9,-1.0,-0.1,0.3,"$2,283,034",0.0,2020
David_Nwaba_2020,David Nwaba,G,UFA,HOU,"9.2 Pts, 3.9 Reb, 1.0 Ast",HOU,/players/n/nwabada01.html,219,6-5,28.0,HOU,30.0,9.0,22.6,0.486,0.6,0.27,2.1,1.6,0.691,2.3,1.3,3.9,1.0,1.0,0.7,0.6,9.2,16.6,0.557,14.4,0.7,0.6,1.3,0.094,-1.4,0.6,-0.8,0.2,"$1,824,003",0.0,2020
Otto_Porter_Jr_2020,Otto Porter Jr.,F,UFA,ORL,"9.7 Pts, 5.4 Reb, 2.0 Ast",GSW,/players/p/porteot01.html,198,6-8,27.0,TOT,28.0,6.0,21.6,0.432,1.4,0.375,3.7,1.3,0.857,1.5,1.0,5.4,2.0,0.6,0.1,0.9,9.7,19.3,0.552,14.5,0.6,0.7,1.3,0.101,0.0,0.0,0.0,0.3,"$28,489,239",0.0,2020
Austin_Rivers_2020,Austin Rivers,G,UFA,DEN,"7.9 Pts, 2.3 Reb, 2.3 Ast",DEN,/players/r/riverau01.html,200,6-4,28.0,TOT,36.0,7.0,23.5,0.424,1.5,0.369,4.1,0.6,0.71,0.9,0.2,2.3,2.3,0.8,0.1,1.0,7.9,15.4,0.551,9.9,0.4,0.9,1.3,0.072,-2.2,0.3,-1.9,0.0,"$3,500,000$429,049",0.0,2020
Rajon_Rondo_2020,Rajon Rondo,G,UFA,MEM,"5.4 Pts, 2.4 Reb, 4.4 Ast",LAL,/players/r/rondora01.html,180,6-1,34.0,TOT,45.0,3.0,17.1,0.442,0.8,0.404,2.0,0.4,0.941,0.4,0.4,2.4,4.4,0.8,0.1,1.8,5.4,17.2,0.544,13.2,0.5,0.8,1.3,0.081,-0.5,0.3,-0.2,0.4,"$8,250,000",0.0,2020
DeAndre_Bembry_2020,DeAndre' Bembry,F,UFA,TOR,"5.7 Pts, 2.9 Reb, 2.1 Ast",BRK,/players/b/bembrde01.html,210,6-5,26.0,TOR,51.0,12.0,19.1,0.513,0.3,0.264,1.0,0.9,0.682,1.3,0.6,2.9,2.1,1.0,0.4,1.4,5.7,14.6,0.57,11.2,0.1,1.1,1.2,0.059,-3.2,1.4,-1.9,0.0,"$1,737,145",0.0,2020
DeMarcus_Cousins_2020,DeMarcus Cousins,C-F,UFA,LAC,"8.9 Pts, 6.4 Reb, 1.9 Ast",MIL,/players/c/couside01.html,270,6-10,30.0,TOT,41,11,17.4,.426,1.1,.348,3.3,1.4,.728,2.0,1.3,6.4,1.9,0.8,0.6,1.6,8.9,24.5,0.537,16.4,0.0,1.2,1.2,0.079,-1.2,1.6,0.4,0.4,"$2,331,593$654,762",0.0,2020
Frank_Jackson_2020,Frank Jackson,G,RFA,DET,"9.8 Pts, 2.2 Reb, 0.9 Ast",DET,/players/j/jacksfr01.html,205,6-3,22.0,DET,40,6,18.5,.457,1.5,.407,3.8,1.5,.813,1.9,0.4,2.2,0.9,0.4,0.0,0.9,9.8,21.3,0.598,13.2,0.7,0.4,1.2,0.076,-0.1,-1.6,-1.7,0.1,"$250,000< $Minimum",0.0,2020
James_Johnson_2020,James Johnson,F,UFA,NOP,"7.2 Pts, 3.5 Reb, 1.9 Ast",BRK,/players/j/johnsja01.html,240,6-7,33.0,TOT,51.0,12.0,20.5,0.446,0.6,0.258,2.4,0.9,0.592,1.5,0.6,3.5,1.9,0.8,0.8,1.1,7.2,17.1,0.51,11.4,-0.1,1.3,1.2,0.055,-2.7,1.5,-1.2,0.2,"$16,047,100",0.0,2020
Jordan_McLaughlin_2020,Jordan McLaughlin,G,RFA,MIN,"5.0 Pts, 2.1 Reb, 3.8 Ast",MIN,/players/m/mclaujo01.html,185,5-11,24.0,MIN,51,2,18.4,0.413,0.6,0.359,1.8,0.5,0.767,0.6,0.4,2.1,3.8,1.0,0.1,1.0,5.0,13.7,0.502,12.0,0.6,0.6,1.2,0.062,-2.0,0.2,-1.7,0.1,< $Minimum,0.0,2020
Mychal_Mulder_2020,Mychal Mulder,G-F,UFA,GSW,"5.6 Pts, 1.0 Reb, 0.4 Ast",MIA,/players/m/muldemy01.html,184,6-3,26.0,GSW,60.0,6.0,12.8,0.449,1.4,0.397,3.6,0.2,0.636,0.4,0.1,1.0,0.4,0.2,0.2,0.3,5.6,16.2,0.613,10.8,0.6,0.6,1.2,0.075,-0.6,-1.2,-1.8,0.0,"$1,517,981",0.0,2020
Semi_Ojeleye_2020,Semi Ojeleye,F,UFA,BOS,"4.6 Pts, 2.6 Reb, 0.7 Ast",MIL,/players/o/ojelese01.html,240,6-6,26.0,BOS,56.0,15.0,17.0,0.403,1.0,0.367,2.8,0.4,0.75,0.6,0.6,2.6,0.7,0.3,0.0,0.4,4.6,11.6,0.553,8.3,0.7,0.6,1.2,0.063,-1.7,-0.7,-2.4,-0.1,"$1,752,950",0.0,2020
Patrick_Patterson_2020,Patrick Patterson,F,UFA,LAC,"5.2 Pts, 2.0 Reb, 0.8 Ast",POR,/players/p/pattepa01.html,235,6-8,31.0,LAC,38.0,5.0,15.3,0.436,1.1,0.357,2.9,0.3,0.765,0.4,0.5,2.0,0.8,0.4,0.2,0.3,5.2,14.0,0.571,10.9,0.7,0.5,1.2,0.101,-0.4,-0.1,-0.6,0.2,"$3,077,704$737,067",0.0,2020
Moritz_Wagner_2020,Moritz Wagner,F-C,UFA,ORL,"6.9 Pts, 3.2 Reb, 1.1 Ast",ORL,/players/w/wagnemo01.html,245,6-11,23.0,TOT,45.0,24.0,16.0,0.454,0.7,0.341,2.0,1.6,0.816,1.9,0.6,3.2,1.1,0.6,0.4,1.0,6.9,18.1,0.58,12.5,0.5,0.8,1.2,0.082,-2.7,0.2,-2.6,-0.1,"$2,161,920$221,995",0.0,2020
Dewayne_Dedmon_2020,Dewayne Dedmon,C,UFA,MIA,"7.1 Pts, 5.4 Reb, 0.8 Ast",MIA,/players/d/dedmode01.html,245,7-0,31.0,MIA,16.0,0.0,13.1,0.708,0.1,0.2,0.3,1.3,0.741,1.7,1.8,5.4,0.8,0.6,0.4,0.8,7.1,19.3,0.735,24.5,0.7,0.4,1.1,0.256,1.2,0.5,1.7,0.2,"$2,866,667$580,811",0.0,2020
Javonte_Green_2020,Javonte Green,F,RFA,CHI,"3.6 Pts, 1.7 Reb, 0.4 Ast",CHI,/players/g/greenja02.html,205,6-4,27.0,TOT,41.0,2.0,11.5,0.52,0.2,0.333,0.7,0.7,0.75,1.0,0.6,1.7,0.4,0.7,0.1,0.5,3.6,12.6,0.61,12.1,0.5,0.6,1.1,0.107,-2.2,1.7,-0.5,0.2,"$1,517,981",0.0,2020
Ish_Smith_2020,Ish Smith,G,UFA,WAS,"6.7 Pts, 3.4 Reb, 3.9 Ast",CHO,/players/s/smithis01.html,175,6-0,32.0,WAS,44.0,1.0,21.0,0.434,0.4,0.367,1.1,0.4,0.576,0.8,0.5,3.4,3.9,0.7,0.3,0.9,6.7,15.8,0.473,11.6,0.2,0.9,1.1,0.056,-2.1,0.5,-1.5,0.1,"$6,000,000",0.0,2020
Aron_Baynes_2020,Aron Baynes,C,UFA,TOR,"6.1 Pts, 5.2 Reb, 0.9 Ast",,/players/b/baynear01.html,260,6-10,34.0,TOR,53.0,31.0,18.5,0.441,0.5,0.262,1.9,0.5,0.707,0.8,1.6,5.2,0.9,0.3,0.4,0.9,6.1,16.2,0.503,10.5,0.1,0.9,1.0,0.049,-3.4,-1.1,-4.5,-0.6,"$7,000,000",0.0,2020
Stanley_Johnson_2020,Stanley Johnson,F,UFA,TOR,"4.4 Pts, 2.5 Reb, 1.5 Ast",CHI,/players/j/johnsst04.html,242,6-6,24.0,TOR,61.0,13.0,16.5,0.382,0.7,0.328,2.2,0.7,0.8,0.9,0.5,2.5,1.5,0.9,0.3,0.9,4.4,13.4,0.519,8.8,-0.1,1.1,1.0,0.048,-3.8,1.2,-2.5,-0.1,"$3,804,150",0.0,2020
Boban_Marjanovic_2020,Boban Marjanović,C,UFA,DAL,"4.7 Pts, 3.9 Reb, 0.3 Ast",DAL,/players/m/marjabo01.html,290,7-3,32.0,DAL,33.0,3.0,8.2,0.508,0.0,0.125,0.2,0.9,0.816,1.2,1.4,3.9,0.3,0.1,0.2,0.4,4.7,24.6,0.562,22.6,0.7,0.3,1.0,0.183,1.9,-2.6,-0.8,0.1,"$3,500,000",0.0,2020
JaVale_McGee_2020,JaVale McGee,C,UFA,DEN,"7.3 Pts, 5.2 Reb, 0.8 Ast",PHO,/players/m/mcgeeja01.html,270,7-0,33.0,TOT,46.0,2.0,14.7,0.511,0.1,0.208,0.5,1.0,0.657,1.5,1.7,5.2,0.8,0.4,1.2,1.3,7.3,23.9,0.541,17.0,-0.1,1.1,1.0,0.068,-3.3,0.8,-2.5,-0.1,"$4,200,000",0.0,2020
Malik_Monk_2020,Malik Monk,G,UFA,CHO,"11.7 Pts, 2.4 Reb, 2.1 Ast",LAL,/players/m/monkma01.html,200,6-3,22.0,CHO,42.0,0.0,20.9,0.434,2.0,0.401,5.0,1.4,0.819,1.7,0.3,2.4,2.1,0.5,0.1,1.3,11.7,23.8,0.569,13.6,0.5,0.5,1.0,0.054,0.2,-2.0,-1.8,0.0,"$5,345,687",0.0,2020
Elfrid_Payton_2020,Elfrid Payton,G,UFA,NYK,"10.1 Pts, 3.4 Reb, 3.2 Ast",PHO,/players/p/paytoel01.html,195,6-3,26.0,NYK,63.0,63.0,23.6,0.432,0.4,0.286,1.6,1.2,0.682,1.7,1.0,3.4,3.2,0.7,0.1,1.6,10.1,23.2,0.478,11.7,-0.9,1.9,1.0,0.032,-2.9,-0.1,-3.0,-0.4,"$5,767,000",0.0,2020
Mike_Scott_2020,Mike Scott,F,UFA,PHI,"4.2 Pts, 2.4 Reb, 0.8 Ast",,/players/s/scottmi01.html,237,6-7,32.0,PHI,51.0,12.0,16.7,0.36,1.0,0.342,3.0,0.2,0.667,0.2,0.2,2.4,0.8,0.5,0.3,0.4,4.2,11.9,0.492,6.8,-0.1,1.1,1.0,0.058,-3.2,0.3,-2.8,-0.2,"$5,005,350",0.0,2020
PJ_Tucker_2020,P.J. Tucker,F,UFA,MIL,"3.7 Pts, 3.9 Reb, 1.2 Ast",MIA,/players/t/tuckepj01.html,245,6-5,35.0,TOT,52,33,26.1,.373,0.8,.336,2.3,0.4,.750,0.5,1.0,3.9,1.2,0.8,0.4,0.8,3.7,7.2,0.51,5.5,0.1,0.9,1.0,0.034,-4.6,0.5,-4.1,-0.7,"$7,969,537",0.0,2020
Ryan_Arcidiacono_2020,Ryan Arcidiacono,G,UFA,CHI,"3.1 Pts, 1.5 Reb, 1.3 Ast",BOS,/players/a/arcidry01.html,195,6-3,26.0,CHI,44.0,0.0,10.2,0.419,0.6,0.373,1.5,0.3,0.65,0.5,0.1,1.5,1.3,0.2,0.0,0.2,3.1,13.1,0.541,9.8,0.5,0.4,0.9,0.093,-2.6,0.3,-2.3,0.0,"$3,000,000",0.0,2020
Nemanja_Bjelica_2020,Nemanja Bjelica,F,UFA,MIA,"6.5 Pts, 3.4 Reb, 1.9 Ast",GSW,/players/b/bjeline01.html,234,6-10,32.0,TOT,37.0,3.0,16.1,0.454,0.7,0.318,2.3,1.0,0.725,1.4,0.8,3.4,1.9,0.4,0.1,0.9,6.5,18.4,0.554,12.9,0.5,0.3,0.9,0.071,-1.4,-0.8,-2.2,0.0,"$7,150,000",0.0,2020
Langston_Galloway_2020,Langston Galloway,G,UFA,PHO,"4.8 Pts, 1.1 Reb, 0.7 Ast",GSW,/players/g/gallola01.html,200,6-1,29.0,PHO,40.0,0.0,11.0,0.449,0.9,0.424,2.1,0.6,0.957,0.6,0.2,1.1,0.7,0.2,0.0,0.3,4.8,17.3,0.605,12.1,0.6,0.3,0.9,0.096,-0.1,-0.8,-0.9,0.1,"$2,028,594",0.0,2020
Freddie_Gillespie_2020,Freddie Gillespie,F,UFA,TOR,"5.6 Pts, 4.9 Reb, 0.5 Ast",ORL,/players/g/gillefr01.html,245,6-9,23.0,TOR,20.0,2.0,19.6,0.524,0.0,,0.0,1.2,0.697,1.7,2.1,4.9,0.5,0.7,1.0,0.6,5.6,12.2,0.563,13.4,0.5,0.5,0.9,0.116,-3.1,-0.1,-3.2,-0.1,"$239,959",0.0,2020
Alize_Johnson_2020,Alize Johnson,F,UFA,BRK,"5.2 Pts, 5.0 Reb, 0.8 Ast",CHI,/players/j/johnsal02.html,212,6-7,24.0,BRK,18.0,0.0,10.5,0.588,0.1,0.167,0.3,0.7,1.0,0.7,1.5,5.0,0.8,0.3,0.3,0.5,5.2,19.1,0.638,23.5,0.6,0.3,0.9,0.227,2.7,0.0,2.7,0.2,"$399,591$221,996",0.0,2020
Max_Strus_2020,Max Strus,G,RFA,MIA,"6.1 Pts, 1.1 Reb, 0.6 Ast",MIA,/players/s/strusma01.html,215,6-5,24.0,MIA,39.0,0.0,13.0,0.455,1.3,0.338,3.8,0.4,0.667,0.6,0.1,1.1,0.6,0.3,0.1,0.2,6.1,18.3,0.597,12.1,0.6,0.3,0.9,0.088,-0.5,-1.7,-2.2,0.0,< $Minimum,0.0,2020
Brad_Wanamaker_2020,Brad Wanamaker,G,UFA,CHO,"5.5 Pts, 1.7 Reb, 2.9 Ast",IND,/players/w/wanambr01.html,210,6-3,31.0,TOT,61.0,0.0,17.3,0.385,0.3,0.188,1.4,1.5,0.891,1.7,0.3,1.7,2.9,0.7,0.2,1.2,5.5,16.9,0.489,9.5,-0.2,1.0,0.9,0.039,-4.4,0.3,-4.0,-0.5,"$2,250,000",0.0,2020
Hassan_Whiteside_2020,Hassan Whiteside,C,UFA,SAC,"8.1 Pts, 6.0 Reb, 0.6 Ast",UTA,/players/w/whiteha01.html,265,7-0,31.0,SAC,36,4,15.2,.563,0.0,.000,0.0,1.1,.519,2.2,1.7,6.0,0.6,0.3,1.3,1.1,8.1,23.5,0.566,19.2,0.3,0.6,0.9,0.081,-1.8,-0.4,-2.2,0.0,"$2,320,044",0.0,2020
Ed_Davis_2020,Ed Davis,F,UFA,MIN,"2.1 Pts, 5.0 Reb, 0.9 Ast",CLE,/players/d/davised01.html,218,6-9,31.0,MIN,23.0,7.0,13.0,0.432,0.0,,0.0,0.4,0.833,0.5,2.0,5.0,0.9,0.6,0.6,0.3,2.1,7.9,0.487,13.1,0.5,0.4,0.8,0.135,-3.3,1.1,-2.2,0.0,"$5,005,350",0.0,2020
Terence_Davis_2020,Terence Davis,G,RFA,SAC,"8.7 Pts, 2.5 Reb, 1.4 Ast",SAC,/players/d/daviste02.html,201,6-4,23.0,TOT,61.0,4.0,17.6,0.428,1.6,0.367,4.4,0.7,0.818,0.9,0.3,2.5,1.4,0.7,0.2,1.0,8.7,21.8,0.555,12.7,0.1,0.8,0.8,0.038,-0.9,-0.9,-1.7,0.1,"$1,517,981",0.0,2020
Skylar_Mays_2020,Skylar Mays,G,RFA,ATL,"3.8 Pts, 1.1 Reb, 0.9 Ast",ATL,/players/m/mayssk01.html,205,6-4,23.0,ATL,33,0,8.2,0.449,0.4,0.35,1.2,0.7,0.88,0.8,0.3,1.1,0.9,0.4,0.1,0.3,3.8,19.1,0.569,16.8,0.5,0.3,0.8,0.14,1.2,0.7,1.9,0.3,< $Minimum,0.0,2020
Alfonzo_McKinnie_2020,Alfonzo McKinnie,F,UFA,LAL,"3.1 Pts, 1.4 Reb, 0.2 Ast",CHI,/players/m/mckinal01.html,215,6-7,28.0,LAL,39.0,0.0,6.6,0.516,0.4,0.41,1.0,0.3,0.556,0.5,0.6,1.4,0.2,0.2,0.0,0.1,3.1,17.8,0.604,15.5,0.5,0.3,0.8,0.156,0.3,-0.8,-0.4,0.1,"$1,762,796",0.0,2020
Thanasis_Antetokounmpo_2020,Thanasis Antetokounmpo,F,RFA,MIL,"2.9 Pts, 2.2 Reb, 0.8 Ast",MIL,/players/a/antetth01.html,219,6-6,28.0,MIL,57,3,9.7,.489,0.1,.241,0.5,0.4,.510,0.9,0.9,2.2,0.8,0.4,0.2,0.8,2.9,15.3,0.523,10.3,0.0,0.6,0.7,0.057,-3.7,0.2,-3.5,-0.2,"$1,701,593",0.0,2020
Amir_Coffey_2020,Amir Coffey,G,RFA,LAC,"3.2 Pts, 1.0 Reb, 0.5 Ast",LAC,/players/c/coffeam01.html,210,6-7,23.0,LAC,44,1,9.0,0.437,0.5,0.411,1.3,0.6,0.711,0.9,0.2,1.0,0.5,0.2,0.0,0.3,3.2,15.1,0.585,10.1,0.4,0.3,0.7,0.085,-1.9,-0.1,-2.0,0.0,< $Minimum,0.0,2020
Trent_Forrest_2020,Trent Forrest,G,RFA,UTA,"2.9 Pts, 1.5 Reb, 1.5 Ast",UTA,/players/f/forretr01.html,210,6-4,22.0,UTA,30,0,10.1,0.451,0.2,0.192,0.9,0.6,1.0,0.6,0.4,1.5,1.5,0.3,0.1,0.7,2.9,14.3,0.554,11.2,0.3,0.4,0.7,0.106,-2.5,1.2,-1.3,0.1,< $Minimum,0.0,2020
Tyler_Johnson_2020,Tyler Johnson,G,UFA,BRK,"5.4 Pts, 2.0 Reb, 1.2 Ast",PHI,/players/j/johnsty01.html,186,6-3,28.0,BRK,39.0,3.0,17.5,0.393,1.2,0.364,3.4,0.5,0.857,0.5,0.2,2.0,1.2,0.4,0.0,0.4,5.4,13.3,0.546,8.2,0.4,0.3,0.7,0.049,-2.4,-1.0,-3.4,-0.2,"$2,028,594",0.0,2020
Luke_Kornet_2020,Luke Kornet,F,UFA,BOS,"3.4 Pts, 2.2 Reb, 0.8 Ast",BOS,/players/k/kornelu01.html,250,7-2,25.0,TOT,31.0,2.0,11.2,0.436,0.5,0.254,1.9,0.1,0.5,0.2,0.5,2.2,0.8,0.1,1.0,0.2,3.4,13.7,0.511,13.3,0.2,0.5,0.7,0.095,-0.8,1.6,0.8,0.3,"$2,250,000",0.0,2020
Abdel_Nader_2020,Abdel Nader,F,UFA,PHO,"6.7 Pts, 2.6 Reb, 0.8 Ast",PHO,/players/n/naderab01.html,225,6-5,27.0,PHO,24.0,0.0,14.8,0.491,0.8,0.419,1.8,1.2,0.757,1.5,0.3,2.6,0.8,0.4,0.4,0.8,6.7,19.0,0.605,13.4,0.3,0.4,0.7,0.095,-1.0,1.0,0.0,0.2,"$1,752,950",0.0,2020
JJ_Redick_2020,J.J. Redick,G,UFA,DAL,"7.4 Pts, 1.5 Reb, 1.2 Ast",,/players/r/redicjj01.html,200,6-3,36.0,TOT,44.0,0.0,16.4,0.397,1.5,0.371,4.0,1.1,0.942,1.2,0.1,1.5,1.2,0.3,0.1,0.8,7.4,19.2,0.564,9.9,0.4,0.3,0.7,0.045,-1.4,-2.1,-3.5,-0.3,"$13,013,700",0.0,2020
Denzel_Valentine_2020,Denzel Valentine,G,UFA,CHI,"6.5 Pts, 3.2 Reb, 1.7 Ast",CLE,/players/v/valende01.html,220,6-4,27.0,CHI,62.0,3.0,16.7,0.373,1.3,0.331,3.9,0.3,0.941,0.3,0.4,3.2,1.7,0.5,0.1,0.7,6.5,19.5,0.479,10.1,-0.4,1.1,0.7,0.032,-2.2,-0.4,-2.7,-0.2,"$4,642,800",0.0,2020
Maurice_Harkless_2020,Maurice Harkless,F-G,UFA,SAC,"5.2 Pts, 2.4 Reb, 1.2 Ast",SAC,/players/h/harklma01.html,220,6-7,27.0,TOT,37.0,23.0,20.9,0.418,0.6,0.274,2.3,0.9,0.767,1.2,0.4,2.4,1.2,0.8,0.5,0.6,5.2,11.5,0.527,8.1,0.2,0.4,0.6,0.038,-3.8,0.1,-3.7,-0.3,"$3,623,000",0.0,2020
Trey_Lyles_2020,Trey Lyles,F,UFA,SAS,"5.0 Pts, 3.7 Reb, 0.6 Ast",DET,/players/l/lylestr01.html,234,6-9,25.0,SAS,23.0,9.0,15.6,0.478,0.6,0.35,1.7,0.7,0.652,1.0,0.4,3.7,0.6,0.3,0.0,0.3,5.0,12.9,0.574,11.4,0.3,0.3,0.6,0.085,-1.3,-0.5,-1.8,0.0,"$5,500,000",0.0,2020
Nicolo_Melli_2020,Nicolò Melli,F,RFA,DAL,"3.0 Pts, 2.7 Reb, 1.0 Ast",,/players/m/mellini01.html,236,6-9,30.0,TOT,45.0,4.0,12.6,0.326,0.5,0.271,1.9,0.4,0.76,0.6,0.6,2.7,1.0,0.3,0.1,0.3,3.0,12.5,0.441,7.9,0.1,0.5,0.6,0.048,-3.5,0.0,-3.5,-0.2,"$3,897,436",0.0,2020
Jahlil_Okafor_2020,Jahlil Okafor,C-F,UFA,BRK,"5.4 Pts, 2.4 Reb, 0.5 Ast",ATL,/players/o/okafoja01.html,270,6-10,25.0,DET,27.0,2.0,12.9,0.618,0.1,0.222,0.3,0.6,0.708,0.9,0.9,2.4,0.5,0.2,0.2,0.8,5.4,16.8,0.644,13.1,0.3,0.3,0.6,0.082,-2.5,-0.7,-3.2,-0.1,"$1,882,867",0.0,2020
Dennis_Smith_Jr_2020,Dennis Smith Jr.,G,UFA,DET,"6.7 Pts, 2.4 Reb, 3.3 Ast",POR,/players/s/smithde03.html,205,6-2,23.0,TOT,23.0,9.0,18.3,0.4,0.8,0.328,2.5,0.8,0.731,1.1,0.5,2.4,3.3,1.0,0.6,1.1,6.7,19.0,0.492,13.6,0.1,0.5,0.6,0.07,-1.1,1.5,0.4,0.3,"$5,686,677",0.0,2020
Paul_Watson_2020,Paul Watson,G,UFA,TOR,"4.1 Pts, 1.7 Reb, 0.6 Ast",OKC,/players/w/watsopa01.html,210,6-6,26.0,TOR,27.0,2.0,11.0,0.463,1.1,0.469,2.4,0.2,0.625,0.3,0.1,1.7,0.6,0.2,0.1,0.3,4.1,13.7,0.649,10.9,0.4,0.2,0.6,0.096,-0.8,-0.6,-1.3,0.1,"$1,445,697",0.0,2020
Dwayne_Bacon_2020,Dwayne Bacon,G,UFA,ORL,"10.9 Pts, 3.1 Reb, 1.3 Ast",NYK,/players/b/bacondw01.html,221,6-6,25.0,ORL,72.0,50.0,25.7,0.402,0.8,0.285,2.9,2.0,0.824,2.4,0.4,3.1,1.3,0.6,0.1,0.6,10.9,19.8,0.49,9.9,-0.3,0.9,0.5,0.013,-3.7,-1.4,-5.1,-1.5,"$1,678,854",0.0,2020
Jarrell_Brantley_2020,Jarrell Brantley,F,RFA,UTA,"2.3 Pts, 1.0 Reb, 0.5 Ast",UTA,/players/b/brantja01.html,250,6-5,24.0,UTA,28,0,4.9,0.481,0.4,0.429,1.0,0.1,1.0,0.1,0.3,1.0,0.5,0.3,0.1,0.3,2.3,19.0,0.605,16.6,0.3,0.2,0.5,0.172,0.6,1.6,2.2,0.1,< $Minimum,0.0,2020
Tacko_Fall_2020,Tacko Fall,C,RFA,BOS,"2.5 Pts, 2.7 Reb, 0.2 Ast",CLE,/players/f/fallta01.html,311,7-6,25.0,BOS,19.0,0.0,7.2,0.724,0.0,,0.0,0.3,0.333,0.8,0.8,2.7,0.2,0.1,1.1,0.3,2.5,13.2,0.66,19.6,0.2,0.3,0.5,0.177,-1.7,2.9,1.2,0.1,< $Minimum,0.0,2020
Harry_Giles_2020,Harry Giles,F-C,UFA,POR,"2.8 Pts, 3.5 Reb, 0.8 Ast",LAC,/players/g/gilesha01.html,240,6-11,22.0,POR,38.0,0.0,9.2,0.433,0.2,0.348,0.6,0.4,0.593,0.7,0.8,3.5,0.8,0.2,0.3,0.5,2.8,15.9,0.496,12.4,0.1,0.4,0.5,0.069,-3.2,0.2,-2.9,-0.1,"$1,678,854",0.0,2020
Jaylen_Hoard_2020,Jaylen Hoard,F,RFA,OKC,"6.1 Pts, 3.4 Reb, 1.3 Ast",OKC,/players/h/hoardja01.html,216,6-8,21.0,OKC,19.0,0.0,16.8,0.5,0.0,0.0,0.6,1.5,0.683,2.2,1.1,3.4,1.3,0.7,0.3,0.9,6.1,16.3,0.547,13.4,0.2,0.3,0.5,0.07,-2.2,-0.3,-2.5,0.0,< $Minimum,0.0,2020
Caleb_Martin_2020,Caleb Martin,F,UFA,CHO,"5.0 Pts, 2.7 Reb, 1.3 Ast",MIA,/players/m/martica02.html,205,6-5,25.0,CHO,53.0,3.0,15.4,0.375,0.6,0.248,2.4,0.8,0.641,1.2,0.6,2.7,1.3,0.7,0.2,0.6,5.0,16.7,0.465,9.5,-0.4,0.9,0.5,0.03,-3.6,0.2,-3.4,-0.3,"$1,517,981",0.0,2020
Rodney_McGruder_2020,Rodney McGruder,G,UFA,DET,"5.7 Pts, 1.4 Reb, 1.0 Ast",DET,/players/m/mcgruro01.html,205,6-4,29.0,DET,16.0,2.0,12.1,0.529,0.7,0.458,1.5,0.4,0.75,0.5,0.5,1.4,1.0,0.5,0.1,0.4,5.7,18.1,0.619,16.1,0.3,0.2,0.5,0.121,0.7,0.0,0.7,0.1,"$5,192,307",0.0,2020
Frank_Ntilikina_2020,Frank Ntilikina,G,UFA,NYK,"2.7 Pts, 0.9 Reb, 0.6 Ast",,/players/n/ntilila01.html,200,6-4,22.0,NYK,33.0,4.0,9.8,0.367,0.7,0.479,1.5,0.2,0.444,0.5,0.2,0.9,0.6,0.5,0.1,0.3,2.7,13.6,0.512,7.7,0.0,0.5,0.5,0.07,-4.2,2.5,-1.7,0.0,"$6,176,578",0.0,2020
Khyri_Thomas_2020,Khyri Thomas,G,UFA,HOU,"16.4 Pts, 3.6 Reb, 5.0 Ast",,/players/t/thomakh01.html,210,6-3,24.0,HOU,5.0,2.0,30.6,0.485,1.8,0.333,5.4,1.8,1.0,1.8,1.4,3.6,5.0,1.8,1.2,1.2,16.4,21.1,0.586,21.3,0.4,0.1,0.5,0.164,2.5,-0.1,2.4,0.2,"$744,684$360,998",0.0,2020
Ersan_Ilyasova_2020,Ersan İlyasova,F,UFA,UTA,"3.8 Pts, 1.7 Reb, 0.2 Ast",CHI,/players/i/ilyaser01.html,235,6-9,33.0,UTA,17,1,8.7,.389,1.1,.439,2.4,0.3,1.000,0.3,0.4,1.7,0.2,0.6,0.2,0.5,3.8,18.7,0.578,12.1,0.1,0.3,0.4,0.122,-2.5,1.7,-0.9,0.0,"$1,194,542",0.0,2020
Nathan_Knight_2020,Nathan Knight,F-C,RFA,ATL,"3.8 Pts, 2.2 Reb, 0.2 Ast",MIN,/players/k/knighna01.html,253,6-10,23.0,ATL,33.0,0.0,8.5,0.37,0.2,0.182,1.0,1.3,0.8,1.7,0.8,2.2,0.2,0.3,0.3,0.5,3.8,21.7,0.499,13.9,0.1,0.3,0.4,0.07,-2.6,-1.0,-3.7,-0.1,< $Minimum,0.0,2020
ETwaun_Moore_2020,E'Twaun Moore,G-F,UFA,PHO,"4.9 Pts, 1.7 Reb, 1.5 Ast",ORL,/players/m/mooreet01.html,191,6-3,31.0,PHO,27.0,1.0,14.4,0.455,0.4,0.314,1.3,0.4,0.857,0.5,0.5,1.7,1.5,0.6,0.2,0.9,4.9,17.2,0.523,10.4,0.0,0.4,0.4,0.049,-3.1,0.2,-2.9,-0.1,"$2,331,593",0.0,2020
Victor_Oladipo_2020,Victor Oladipo,G,UFA,MIA,"19.8 Pts, 4.8 Reb, 4.6 Ast",MIA,/players/o/oladivi01.html,213,6-4,28.0,TOT,33.0,33.0,32.7,0.408,2.4,0.326,7.2,3.2,0.754,4.2,0.4,4.8,4.6,1.4,0.4,2.5,19.8,28.5,0.512,14.3,-0.6,1.0,0.4,0.017,-0.9,-0.8,-1.7,0.1,"$21,000,000",0.0,2020
Tremont_Waters_2020,Tremont Waters,G,RFA,BOS,"3.8 Pts, 0.8 Reb, 2.4 Ast",MIL,/players/w/watertr01.html,175,5-10,23.0,BOS,26.0,3.0,9.2,0.405,0.6,0.395,1.5,0.6,0.941,0.7,0.2,0.8,2.4,0.6,0.0,1.0,3.8,21.4,0.541,14.6,0.2,0.2,0.4,0.08,0.4,-0.1,0.3,0.1,< $Minimum,0.0,2020
Keita_Bates-Diop_2020,Keita Bates-Diop,F,RFA,SAS,"2.6 Pts, 1.6 Reb, 0.4 Ast",SAS,/players/b/bateske01.html,229,6-8,25.0,SAS,30.0,0.0,8.2,0.448,0.2,0.294,0.6,0.5,0.667,0.7,0.3,1.6,0.4,0.4,0.2,0.2,2.6,14.8,0.518,12.0,0.1,0.3,0.3,0.068,-2.3,0.4,-1.9,0.0,< $Minimum,0.0,2020
Armoni_Brooks_2020,Armoni Brooks,G,RFA,HOU,"11.2 Pts, 3.4 Reb, 1.5 Ast",HOU,/players/b/brookar01.html,195,6-3,22.0,HOU,20.0,5.0,26.0,0.406,3.0,0.382,7.9,0.4,0.583,0.6,0.5,3.4,1.5,0.6,0.3,1.1,11.2,17.9,0.565,10.4,0.1,0.2,0.3,0.03,-1.1,-2.1,-3.2,-0.2,< $Minimum,0.0,2020
Devontae_Cacok_2020,Devontae Cacok,F,RFA,LAL,"2.0 Pts, 1.6 Reb, 0.1 Ast",BRK,/players/c/cacokde01.html,240,6-7,24.0,LAL,20.0,1.0,4.9,0.586,0.0,,0.0,0.3,0.455,0.6,0.6,1.6,0.1,0.3,0.2,0.3,2.0,17.2,0.576,17.2,0.1,0.2,0.3,0.142,-1.5,0.4,-1.0,0.0,< $Minimum,0.0,2020
Chris_Chiozza_2020,Chris Chiozza,G,UFA,BRK,"4.0 Pts, 1.1 Reb, 3.0 Ast",GSW,/players/c/chiozch01.html,175,5-11,25.0,BRK,22.0,1.0,10.5,0.352,0.6,0.31,1.9,0.6,0.765,0.8,0.1,1.1,3.0,0.3,0.3,0.7,4.0,21.0,0.461,12.9,0.1,0.2,0.3,0.063,-0.1,-0.6,-0.7,0.1,< $Minimum,0.0,2020
Mamadi_Diakite_2020,Mamadi Diakite,F,UFA,OKC,"3.1 Pts, 2.4 Reb, 0.6 Ast",OKC,/players/d/diakima01.html,228,6-9,24.0,MIL,14.0,1.0,10.1,0.4,0.1,0.125,0.6,0.8,0.786,1.0,0.6,2.4,0.6,0.5,0.4,0.2,3.1,14.6,0.477,12.3,0.1,0.2,0.3,0.102,-3.3,0.9,-2.4,0.0,"$160,173",0.0,2020
Carsen_Edwards_2020,Carsen Edwards,G,UFA,MEM,"4.0 Pts, 0.8 Reb, 0.5 Ast",DET,/players/e/edwarca01.html,200,5-11,22.0,BOS,31.0,1.0,8.9,0.423,0.6,0.286,2.0,0.4,0.846,0.4,0.1,0.8,0.5,0.2,0.0,0.2,4.0,19.3,0.527,10.2,0.1,0.2,0.3,0.051,-3.2,-1.3,-4.5,-0.2,"$1,517,981",0.0,2020
Cristiano_Felicio_2020,Cristiano Felício,F-C,UFA,CHI,"1.3 Pts, 1.4 Reb, 0.5 Ast",,/players/f/feliccr01.html,270,6-11,28.0,CHI,18,0,4.7,0.538,0.0,0.0,0.1,0.5,0.563,0.9,0.6,1.4,0.5,0.2,0.0,0.2,1.3,12.4,0.574,14.7,0.2,0.1,0.3,0.151,-1.1,1.2,0.1,0.0,"$7,529,020",0.0,2020
Yogi_Ferrell_2020,Yogi Ferrell,G,UFA,LAC,"5.6 Pts, 1.9 Reb, 2.2 Ast",,/players/f/ferreyo01.html,178,6-0,27.0,TOT,10.0,0.0,13.6,0.351,0.9,0.321,2.8,0.7,0.778,0.9,0.5,1.9,2.2,0.7,0.3,0.3,5.6,20.7,0.459,14.4,0.1,0.2,0.3,0.099,-0.5,0.8,0.2,0.1,"$333,152$118,983",0.0,2020
Wenyen_Gabriel_2020,Wenyen Gabriel,F,UFA,NOP,"3.4 Pts, 2.6 Reb, 0.5 Ast",MIL,/players/g/gabriwe01.html,205,6-9,23.0,NOP,21.0,0.0,11.5,0.4,0.6,0.406,1.5,0.5,0.647,0.8,1.0,2.6,0.5,0.4,0.4,0.7,3.4,14.4,0.533,9.8,0.0,0.3,0.3,0.052,-3.2,-0.1,-3.3,-0.1,"$1,620,564",0.0,2020
Jalen_Harris_2020,Jalen Harris,G,RFA,TOR,"7.4 Pts, 1.4 Reb, 1.3 Ast",,/players/h/harrija01.html,195,6-5,22.0,TOR,13,2,13.2,0.5,1.3,0.472,2.8,0.5,0.778,0.7,0.2,1.4,1.3,0.6,0.0,1.1,7.4,22.6,0.632,15.2,0.1,0.1,0.3,0.079,0.5,-0.3,0.3,0.1,< $Minimum,0.0,2020
Rondae_Hollis-Jefferson_2020,Rondae Hollis-Jefferson,F,UFA,POR,"2.5 Pts, 2.4 Reb, 1.2 Ast",,/players/h/holliro01.html,217,6-6,26.0,POR,11.0,1.0,9.7,0.5,0.0,0.0,0.1,0.8,0.563,1.5,1.0,2.4,1.2,0.2,0.4,0.2,2.5,10.9,0.539,14.4,0.3,0.1,0.3,0.147,-1.1,1.2,0.1,0.1,"$502,417",0.0,2020
DaQuan_Jeffries_2020,DaQuan Jeffries,G-F,UFA,SAS,"4.1 Pts, 2.3 Reb, 0.7 Ast",ATL,/players/j/jeffrda01.html,230,6-5,23.0,TOT,31.0,5.0,15.9,0.417,0.6,0.299,2.2,0.2,0.875,0.3,0.6,2.3,0.7,0.5,0.3,0.5,4.1,11.9,0.514,7.9,0.0,0.2,0.3,0.027,-3.6,-1.1,-4.7,-0.3,"$1,445,697",0.0,2020
Timothe_Luwawu-Cabarrot_2020,Timothé Luwawu-Cabarrot,F,UFA,BRK,"6.4 Pts, 2.2 Reb, 1.2 Ast",ATL,/players/l/luwawti01.html,220,6-7,25.0,BRK,58.0,7.0,18.1,0.365,1.3,0.314,4.1,0.6,0.814,0.7,0.5,2.2,1.2,0.6,0.1,0.7,6.4,17.4,0.493,7.8,-0.3,0.7,0.3,0.015,-3.2,-1.2,-4.4,-0.6,"$1,824,003",0.0,2020
Juwan_Morgan_2020,Juwan Morgan,F,RFA,UTA,"1.2 Pts, 1.0 Reb, 0.3 Ast",BOS,/players/m/morgaju01.html,232,6-7,23.0,UTA,29.0,0.0,5.1,0.467,0.1,0.308,0.4,0.1,0.429,0.2,0.3,1.0,0.3,0.1,0.0,0.1,1.2,10.9,0.529,8.5,0.1,0.2,0.3,0.105,-3.5,1.2,-2.3,0.0,"$1,517,981",0.0,2020
Svi_Mykhailiuk_2020,Svi Mykhailiuk,G-F,UFA,OKC,"8.5 Pts, 2.5 Reb, 1.7 Ast",TOR,/players/m/mykhasv01.html,205,6-7,23.0,TOT,66.0,14.0,20.1,0.411,1.6,0.334,4.8,0.6,0.76,0.8,0.4,2.5,1.7,0.8,0.2,1.3,8.5,20.0,0.529,10.4,-0.8,1.1,0.3,0.01,-1.9,-0.7,-2.6,-0.2,"$1,663,861",0.0,2020
Daniel_Oturu_2020,Daniel Oturu,F-C,UFA,MEM,"1.8 Pts, 1.6 Reb, 0.3 Ast",CHI,/players/o/oturuda01.html,240,6-8,21.0,LAC,30.0,0.0,5.4,0.423,0.0,0.2,0.2,0.3,0.75,0.4,0.7,1.6,0.3,0.1,0.2,0.3,1.8,18.2,0.471,12.5,0.0,0.2,0.3,0.081,-4.1,-1.1,-5.2,-0.1,"$898,310",0.0,2020
Jabari_Parker_2020,Jabari Parker,F,UFA,BOS,"5.5 Pts, 3.2 Reb, 0.8 Ast",BOS,/players/p/parkeja01.html,245,6-8,25.0,TOT,13.0,0.0,12.7,0.545,0.2,0.182,0.8,0.8,0.769,1.0,0.8,3.2,0.8,0.1,0.4,0.8,5.5,18.5,0.593,14.7,0.2,0.1,0.3,0.089,-0.9,0.0,-0.9,0.0,"$6,500,000$430,729",0.0,2020
Gary_Payton_II_2020,Gary Payton II,G,UFA,GSW,"2.5 Pts, 1.1 Reb, 0.1 Ast",GSW,/players/p/paytoga02.html,190,6-3,28.0,GSW,10.0,0.0,4.0,0.769,0.2,0.5,0.4,0.3,0.75,0.4,0.2,1.1,0.1,0.6,0.1,0.1,2.5,16.8,0.847,29.2,0.2,0.1,0.3,0.331,1.0,8.2,9.2,0.1,"$237,966",0.0,2020
JaKarr_Sampson_2020,JaKarr Sampson,G-F,UFA,IND,"4.6 Pts, 2.7 Reb, 0.1 Ast",,/players/s/sampsja02.html,214,6-7,27.0,IND,29.0,4.0,10.9,0.496,0.1,0.2,0.5,0.7,0.655,1.0,0.9,2.7,0.1,0.1,0.5,0.5,4.6,19.0,0.533,10.9,0.0,0.3,0.3,0.044,-5.2,-2.3,-7.5,-0.4,"$1,882,867",0.0,2020
DJ_Wilson_2020,D.J. Wilson,F,RFA,HOU,"5.2 Pts, 3.2 Reb, 0.7 Ast",OKC,/players/w/wilsodj01.html,231,6-10,24.0,TOT,35.0,1.0,12.4,0.405,0.9,0.345,2.5,0.5,0.68,0.7,0.6,3.2,0.7,0.3,0.5,0.6,5.2,19.7,0.511,11.5,-0.2,0.5,0.3,0.032,-2.7,-0.6,-3.3,-0.1,"$4,548,280",0.0,2020
Quinn_Cook_2020,Quinn Cook,G,UFA,POR,"3.3 Pts, 0.7 Reb, 0.8 Ast",,/players/c/cookqu01.html,180,6-1,27.0,TOT,23,0,6.8,.426,0.5,.423,1.1,0.3,.875,0.3,0.1,0.7,0.8,0.2,0.0,0.3,3.3,21.8,0.531,12.7,0.1,0.1,0.2,0.061,-1.0,-0.2,-1.2,0.0,"$1,797,183$237,966",0.0,2020
Devon_Dotson_2020,Devon Dotson,G,RFA,CHI,"2.1 Pts, 0.5 Reb, 0.6 Ast",CHI,/players/d/dotsode01.html,185,6-2,21.0,CHI,11,0,4.5,0.524,0.1,0.143,0.6,0.0,,0.0,0.2,0.5,0.6,0.4,0.0,0.0,2.1,18.2,0.548,19.3,0.1,0.1,0.2,0.177,-0.1,2.2,2.1,0.1,< $Minimum,0.0,2020
Brandon_Goodwin_2020,Brandon Goodwin,G,RFA,ATL,"4.9 Pts, 1.5 Reb, 2.0 Ast",NYK,/players/g/goodwbr01.html,180,6-0,25.0,ATL,47.0,5.0,13.2,0.377,0.7,0.311,2.2,0.6,0.651,0.9,0.2,1.5,2.0,0.4,0.0,0.8,4.9,19.5,0.471,9.2,-0.2,0.4,0.2,0.013,-2.5,-0.6,-3.1,-0.2,"$1,701,593",0.0,2020
Shaquille_Harrison_2020,Shaquille Harrison,G,RFA,DEN,"2.1 Pts, 1.4 Reb, 0.7 Ast",PHI,/players/h/harrish01.html,190,6-7,27.0,TOT,34.0,0.0,9.8,0.333,0.1,0.188,0.5,0.5,0.818,0.6,0.2,1.4,0.7,0.5,0.1,0.3,2.1,12.9,0.416,6.8,-0.2,0.4,0.2,0.03,-5.5,1.5,-4.1,-0.2,"$770,433< $Minimum",0.0,2020
Justin_Jackson_2020,Justin Jackson,G-F,RFA,MIL,"7.2 Pts, 2.3 Reb, 1.5 Ast",DAL,/players/j/jacksju01.html,220,6-8,25.0,TOT,34.0,3.0,17.0,0.403,1.1,0.308,3.4,0.9,0.838,1.1,0.5,2.3,1.5,0.4,0.1,0.9,7.2,19.8,0.516,10.4,-0.1,0.3,0.2,0.018,-2.3,-1.2,-3.5,-0.2,"$5,029,650< $Minimum",0.0,2020
Mfiondu_Kabengele_2020,Mfiondu Kabengele,F,UFA,CLE,"2.4 Pts, 1.5 Reb, 0.4 Ast",HOU,/players/k/kabenmf01.html,250,6-9,23.0,TOT,39.0,0.0,7.2,0.371,0.3,0.26,1.3,0.4,0.8,0.5,0.3,1.5,0.4,0.2,0.3,0.4,2.4,17.7,0.486,9.5,-0.2,0.3,0.2,0.026,-4.3,0.1,-4.3,-0.2,"$2,075,880$356,473",0.0,2020
Anthony_Lamb_2020,Anthony Lamb,F,RFA,HOU,"5.5 Pts, 2.9 Reb, 1.0 Ast",HOU,/players/l/lamban01.html,227,6-6,23.0,HOU,24.0,3.0,17.3,0.39,1.0,0.324,3.0,0.8,0.857,0.9,1.1,2.9,1.0,0.3,0.2,0.8,5.5,15.0,0.523,8.7,0.1,0.1,0.2,0.023,-3.4,-2.7,-6.1,-0.4,< $Minimum,0.0,2020
Nico_Mannion_2020,Nico Mannion,G,RFA,GSW,"4.1 Pts, 1.5 Reb, 2.3 Ast",,/players/m/mannini01.html,190,6-2,19.0,GSW,30,1,12.1,0.342,0.7,0.367,2.0,0.8,0.821,0.9,0.2,1.5,2.3,0.5,0.0,1.0,4.1,18.5,0.487,9.3,-0.2,0.4,0.2,0.029,-3.4,-0.5,-3.9,-0.2,< $Minimum,0.0,2020
Sean_McDermott_2020,Sean McDermott,F,UFA,MEM,"2.2 Pts, 1.1 Reb, 0.2 Ast",MEM,/players/m/mcderse01.html,195,6-6,24.0,MEM,18,0,8.8,0.394,0.3,0.227,1.2,0.4,1.0,0.4,0.3,1.1,0.2,0.1,0.2,0.2,2.2,10.8,0.534,7.2,0.1,0.1,0.2,0.05,-3.1,-1.2,-4.3,-0.1,< $Minimum,0.0,2020
Ben_McLemore_2020,Ben McLemore,G,UFA,LAL,"7.7 Pts, 1.9 Reb, 0.7 Ast",POR,/players/m/mclembe01.html,195,6-3,27.0,TOT,53.0,5.0,17.1,0.37,1.8,0.346,5.3,0.7,0.736,1.0,0.3,1.9,0.7,0.4,0.2,0.8,7.7,20.4,0.523,8.5,-0.5,0.7,0.2,0.013,-2.7,-1.2,-3.9,-0.4,"$2,283,034$569,674",0.0,2020
Cameron_Oliver_2020,Cameron Oliver,F,UFA,LAL,"10.8 Pts, 5.3 Reb, 1.3 Ast",ATL,/players/o/oliveca01.html,239,6-8,24.0,HOU,4.0,0.0,21.8,0.576,1.0,0.308,3.3,0.3,0.25,1.0,1.3,5.3,1.3,0.5,1.0,0.8,10.8,18.5,0.619,17.2,0.1,0.1,0.2,0.114,-1.0,-1.0,-2.0,0.0,"$43,070",0.0,2020
Reggie_Perry_2020,Reggie Perry,F-C,RFA,BRK,"3.0 Pts, 2.8 Reb, 0.5 Ast",TOR,/players/p/perryre01.html,250,6-8,20.0,BRK,26.0,0.0,8.1,0.41,0.2,0.19,0.8,0.4,0.769,0.5,1.0,2.8,0.5,0.2,0.2,0.6,3.0,20.4,0.466,11.0,-0.1,0.2,0.2,0.04,-5.3,-1.4,-6.7,-0.2,< $Minimum,0.0,2020
Chris_Silva_2020,Chris Silva,F,UFA,MIN,"2.1 Pts, 1.8 Reb, 0.4 Ast",MIN,/players/s/silvach01.html,234,6-8,24.0,TOT,15.0,0.0,6.1,0.625,0.1,1.0,0.1,0.7,0.733,1.0,0.5,1.8,0.4,0.1,0.4,0.7,2.1,15.9,0.708,11.5,0.1,0.1,0.2,0.101,-6.7,1.1,-5.5,-0.1,"$1,517,981",0.0,2020
Matt_Thomas_2020,Matt Thomas,G,UFA,UTA,"3.1 Pts, 1.0 Reb, 0.4 Ast",CHI,/players/t/thomama02.html,190,6-4,26.0,TOT,45.0,0.0,7.2,0.394,0.6,0.338,1.8,0.3,0.857,0.3,0.2,1.0,0.4,0.1,0.0,0.3,3.1,19.5,0.522,9.1,0.0,0.2,0.2,0.031,-2.6,-2.0,-4.6,-0.2,"$1,517,981",0.0,2020
Killian_Tillie_2020,Killian Tillie,F,RFA,MEM,"3.2 Pts, 1.3 Reb, 0.4 Ast",MEM,/players/t/tilliki02.html,220,6-9,22.0,MEM,18,1,10.1,0.333,0.6,0.303,1.8,0.5,0.818,0.6,0.3,1.3,0.4,0.3,0.4,0.1,3.2,14.8,0.461,8.5,0.0,0.2,0.2,0.055,-3.4,-0.3,-3.7,-0.1,< $Minimum,0.0,2020
Rayjon_Tucker_2020,Rayjon Tucker,F,UFA,PHI,"2.4 Pts, 0.8 Reb, 0.4 Ast",PHI,/players/t/tuckera01.html,209,6-3,23.0,PHI,14.0,0.0,4.9,0.5,0.1,0.286,0.5,1.0,0.737,1.4,0.1,0.8,0.4,0.1,0.0,0.3,2.4,19.2,0.645,15.1,0.1,0.1,0.2,0.166,-3.0,-0.4,-3.4,0.0,"$340,000< $Minimum",0.0,2020
Gabe_Vincent_2020,Gabe Vincent,G,RFA,MIA,"4.8 Pts, 1.1 Reb, 1.3 Ast",MIA,/players/v/vincega01.html,200,6-3,24.0,MIA,50,7,13.1,0.378,0.9,0.309,3.0,0.4,0.87,0.5,0.2,1.1,1.3,0.4,0.0,0.7,4.8,19.1,0.498,7.6,-0.4,0.5,0.2,0.011,-4.5,-0.9,-5.4,-0.6,< $Minimum,0.0,2020
Al-Farouq_Aminu_2020,Al-Farouq Aminu,F,UFA,SAS,"4.4 Pts, 4.8 Reb, 1.3 Ast",BOS,/players/a/aminual01.html,220,6-8,30.0,TOT,23.0,14.0,18.9,0.384,0.3,0.216,1.6,0.8,0.818,1.0,1.0,4.8,1.3,0.8,0.4,1.2,4.4,13.6,0.469,8.9,-0.4,0.5,0.1,0.01,-4.9,1.1,-3.8,-0.2,"$9,720,900",0.0,2020
Ignas_Brazdeikis_2020,Ignas Brazdeikis,F,RFA,ORL,"7.0 Pts, 3.5 Reb, 1.3 Ast",ORL,/players/b/brazdig01.html,221,6-6,22.0,TOT,13.0,0.0,19.2,0.422,0.8,0.393,2.2,0.8,0.714,1.1,0.8,3.5,1.3,0.3,0.2,0.9,7.0,17.6,0.51,9.5,-0.1,0.1,0.1,0.016,-3.2,-2.1,-5.3,-0.2,"$1,517,981$148,530",0.0,2020
Devin_Cannady_2020,Devin Cannady,G,UFA,ORL,"4.3 Pts, 0.6 Reb, 0.1 Ast",ORL,/players/c/cannade01.html,183,6-2,24.0,ORL,8,0,9.3,0.393,0.8,0.375,2.0,0.8,0.857,0.9,0.0,0.6,0.1,0.6,0.1,0.3,4.3,19.3,0.547,11.2,0.0,0.1,0.1,0.057,-4.0,1.0,-3.1,0.0,"$61,528< $Minimum",0.0,2020
Gary_Clark_2020,Gary Clark,F,UFA,PHI,"3.1 Pts, 2.9 Reb, 0.8 Ast",NOP,/players/c/clarkga01.html,225,6-6,26.0,TOT,39.0,11.0,16.8,0.303,0.8,0.287,2.8,0.2,0.8,0.3,0.8,2.9,0.8,0.3,0.2,0.4,3.1,10.1,0.436,6.0,-0.3,0.4,0.1,0.008,-4.2,-0.7,-4.9,-0.5,"$2,000,000< $Minimum",0.0,2020
Spencer_Dinwiddie_2020,Spencer Dinwiddie,G,UFA,BRK,"6.7 Pts, 4.3 Reb, 3.0 Ast",WAS,/players/d/dinwisp01.html,215,6-5,27.0,BRK,3.0,3.0,21.3,0.375,0.7,0.286,2.3,2.0,1.0,2.0,0.0,4.3,3.0,0.7,0.3,1.7,6.7,16.1,0.536,10.1,0.0,0.1,0.1,0.045,-2.4,2.6,0.2,0.0,"$11,454,048",0.0,2020
Jared_Dudley_2020,Jared Dudley,F-G,UFA,LAL,"0.5 Pts, 1.8 Reb, 0.4 Ast",,/players/d/dudleja01.html,237,6-6,35.0,LAL,12.0,0.0,6.8,0.222,0.2,0.333,0.5,0.0,,0.0,0.3,1.8,0.4,0.1,0.1,0.2,0.5,5.9,0.333,4.4,0.0,0.1,0.1,0.053,-4.4,0.9,-3.5,0.0,"$2,564,753",0.0,2020
Justin_James_2020,Justin James,G,UFA,SAC,"3.9 Pts, 0.8 Reb, 0.6 Ast",UTA,/players/j/jamesju01.html,190,6-7,24.0,SAC,36,0,8.6,0.468,0.4,0.368,1.1,0.6,0.583,1.0,0.3,0.8,0.6,0.2,0.1,0.4,3.9,19.7,0.548,11.3,0.1,0.0,0.1,0.02,-2.0,-2.3,-4.3,-0.2,"$1,517,981",0.0,2020
Mike_James_2020,Mike James,G,RFA,BRK,"7.7 Pts, 2.5 Reb, 4.2 Ast",,/players/j/jamesmi02.html,189,6-1,30.0,BRK,13.0,1.0,18.2,0.37,0.8,0.355,2.4,1.6,0.778,2.1,0.2,2.5,4.2,0.5,0.1,1.5,7.7,22.9,0.481,11.9,0.0,0.1,0.1,0.028,-2.1,-2.3,-4.4,-0.1,"$237,648",0.0,2020
Grant_Riller_2020,Grant Riller,G,UFA,CHO,"2.6 Pts, 0.1 Reb, 0.4 Ast",PHI,/players/r/rillegr01.html,190,6-2,23.0,CHO,7,0,3.9,0.667,0.3,0.5,0.6,0.0,,0.0,0.0,0.1,0.4,0.1,0.0,0.1,2.6,20.7,0.75,23.6,0.1,0.0,0.1,0.177,4.6,0.5,5.1,0.0,< $Minimum,0.0,2020
Luka_Samanic_2020,Luka Šamanić,F,UFA,SAS,"3.7 Pts, 2.1 Reb, 0.5 Ast",NYK,/players/s/samanlu01.html,227,6-10,21.0,SAS,33,4,9.3,0.448,0.4,0.279,1.3,0.5,0.552,0.9,0.5,2.1,0.5,0.2,0.2,0.6,3.7,19.5,0.518,9.8,-0.2,0.3,0.1,0.015,-4.2,-0.7,-4.9,-0.2,"$2,824,320",0.0,2020
Brodric_Thomas_2020,Brodric Thomas,G,RFA,CLE,"3.9 Pts, 1.7 Reb, 0.9 Ast",CLE,/players/t/thomabr01.html,185,6-5,24.0,TOT,32.0,1.0,12.5,0.361,0.5,0.271,1.8,1.0,0.674,1.4,0.3,1.7,0.9,0.5,0.3,0.7,3.9,16.4,0.487,8.0,-0.3,0.3,0.1,0.006,-4.7,0.3,-4.4,-0.2,< $Minimum,0.0,2020
Anthony_Tolliver_2020,Anthony Tolliver,F-C,UFA,PHI,"1.5 Pts, 0.9 Reb, 0.2 Ast",NOP,/players/t/tollian01.html,240,6-8,35.0,PHI,11.0,0.0,9.0,0.235,0.4,0.286,1.3,0.5,0.833,0.5,0.3,0.9,0.2,0.3,0.2,0.3,1.5,9.8,0.433,4.0,-0.1,0.1,0.1,0.025,-5.6,-1.5,-7.0,-0.1,"$614,838",0.0,2020
Axel_Toupane_2020,Axel Toupane,G-F,RFA,MIL,"1.8 Pts, 0.8 Reb, 0.5 Ast",GSW,/players/t/toupaax01.html,197,6-7,28.0,MIL,8.0,1.0,7.6,0.364,0.1,0.5,0.3,0.6,0.714,0.9,0.0,0.8,0.5,0.3,0.4,0.0,1.8,9.7,0.497,9.0,0.1,0.1,0.1,0.097,-4.1,1.1,-3.0,0.0,< $Minimum,0.0,2020
Quinndary_Weatherspoon_2020,Quinndary Weatherspoon,G,UFA,SAS,"2.3 Pts, 0.6 Reb, 0.4 Ast",GSW,/players/w/weathqu01.html,205,6-3,24.0,SAS,20.0,0.0,6.1,0.457,0.1,0.167,0.3,0.7,0.813,0.8,0.2,0.6,0.4,0.4,0.1,0.5,2.3,18.7,0.547,9.6,-0.1,0.1,0.1,0.023,-5.8,0.7,-5.0,-0.1,< $Minimum,0.0,2020
Cassius_Winston_2020,Cassius Winston,G,RFA,WAS,"1.9 Pts, 0.4 Reb, 0.5 Ast",WAS,/players/w/winstca01.html,185,6-1,22.0,WAS,22,0,4.5,0.424,0.4,0.471,0.8,0.2,0.833,0.3,0.0,0.4,0.5,0.1,0.0,0.2,1.9,17.2,0.575,10.8,0.1,0.1,0.1,0.066,-2.1,-1.1,-3.2,0.0,< $Minimum,0.0,2020
Ty-Shon_Alexander_2020,Ty-Shon Alexander,G,UFA,PHO,"0.6 Pts, 0.7 Reb, 0.4 Ast",,/players/a/alexaty01.html,195,6-3,22.0,PHO,15,0,3.1,0.25,0.1,0.222,0.6,0.1,0.5,0.1,0.1,0.7,0.4,0.0,0.1,0.2,0.6,15.0,0.349,4.2,-0.1,0.0,0.0,-0.048,-4.8,-1.7,-6.5,-0.1,< $Minimum,0.0,2020
Jordan_Bell_2020,Jordan Bell,F,UFA,GSW,"2.5 Pts, 4.0 Reb, 1.2 Ast",GSW,/players/b/belljo01.html,216,6-8,26.0,TOT,6.0,1.0,13.7,0.318,0.0,0.0,0.3,0.2,0.5,0.3,1.2,4.0,1.2,0.5,0.8,0.7,2.5,13.6,0.328,8.0,-0.1,0.1,0.0,-0.008,-5.9,0.1,-5.8,-0.1,"$580,062$229,980< $Minimum",0.0,2020
Tyler_Bey_2020,Tyler Bey,F,RFA,DAL,"1.0 Pts, 1.1 Reb, 0.2 Ast",HOU,/players/b/beyty01.html,215,6-7,22.0,DAL,18,0,3.9,0.318,0.1,0.25,0.2,0.2,0.6,0.3,0.4,1.1,0.2,0.0,0.1,0.2,1.0,16.9,0.372,5.9,-0.1,0.0,0.0,-0.033,-5.5,-3.9,-9.5,-0.1,< $Minimum,0.0,2020
Marques_Bolden_2020,Marques Bolden,C,UFA,UTA,"1.2 Pts, 1.0 Reb, 0.0 Ast",,/players/b/boldema01.html,249,6-10,22.0,CLE,6,0,4.8,0.333,0.0,,0.0,0.8,0.625,1.3,0.5,1.0,0.0,0.3,0.3,0.3,1.2,12.8,0.537,13.3,0.0,0.0,0.0,0.063,-3.8,0.8,-3.0,0.0,< $Minimum,0.0,2020
Isaac_Bonga_2020,Isaac Bonga,G,RFA,WAS,"2.0 Pts, 1.7 Reb, 0.6 Ast",TOR,/players/b/bongais01.html,180,6-8,21.0,WAS,40.0,8.0,10.8,0.37,0.3,0.277,1.2,0.1,0.625,0.2,0.5,1.7,0.6,0.3,0.2,0.6,2.0,10.2,0.461,4.0,-0.4,0.4,0.0,-0.001,-5.8,0.0,-5.8,-0.4,"$1,663,861",0.0,2020
Brian_Bowen_2020,Brian Bowen,F,UFA,MIN,"0.5 Pts, 0.5 Reb, 0.0 Ast",,/players/b/bowenbr02.html,190,6-6,22.0,IND,6,0,2.5,0.25,0.0,0.0,0.2,0.2,1.0,0.2,0.0,0.5,0.0,0.0,0.0,0.0,0.5,12.6,0.338,1.0,0.0,0.0,0.0,-0.063,-8.1,-2.9,-11.0,0.0,< $Minimum,0.0,2020
Amida_Brimah_2020,Amida Brimah,C,UFA,IND,"2.6 Pts, 1.6 Reb, 0.2 Ast",,/players/b/brimaam01.html,230,6-10,26.0,IND,5,0,5.8,0.625,0.0,,0.0,0.6,1.0,0.6,0.4,1.6,0.2,0.0,1.0,0.8,2.6,19.6,0.697,16.6,0.0,0.1,0.0,0.073,-6.2,1.4,-4.8,0.0,< $Minimum,0.0,2020
Elijah_Bryant_2020,Elijah Bryant,G,UFA,MIL,"16.0 Pts, 6.0 Reb, 3.0 Ast",MIL,/players/b/bryanel01.html,210,6-5,25.0,MIL,1,0,32.0,0.462,1.0,0.2,5.0,3.0,1.0,3.0,2.0,6.0,3.0,0.0,1.0,4.0,16.0,24.0,0.559,10.6,0.0,0.0,0.0,0.008,-3.9,-3.4,-7.3,0.0,"$24,611",0.0,2020
Marquese_Chriss_2020,Marquese Chriss,F,UFA,POR,"6.5 Pts, 6.5 Reb, 1.0 Ast",DAL,/players/c/chrisma01.html,240,6-9,23.0,GSW,2.0,0.0,13.5,0.357,0.5,0.2,2.5,1.0,0.5,2.0,1.5,6.5,1.0,0.0,1.0,1.0,6.5,28.1,0.412,11.8,-0.1,0.1,0.0,-0.03,-2.4,0.3,-2.1,0.0,"$1,824,003",0.0,2020
Nate_Darling_2020,Nate Darling,G,UFA,CHO,"1.3 Pts, 0.1 Reb, 0.1 Ast",LAC,/players/d/darlina01.html,200,6-6,22.0,CHO,7,0,3.7,0.286,0.3,0.286,1.0,0.4,1.0,0.4,0.1,0.1,0.1,0.0,0.1,0.1,1.3,15.4,0.541,8.2,0.0,0.0,0.0,0.038,-1.5,-2.5,-4.0,0.0,< $Minimum,0.0,2020
Matthew_Dellavedova_2020,Matthew Dellavedova,G,UFA,CLE,"2.8 Pts, 1.8 Reb, 4.5 Ast",,/players/d/dellama01.html,200,6-3,30.0,CLE,13.0,1.0,17.2,0.25,0.3,0.16,1.9,0.3,1.0,0.3,0.5,1.8,4.5,0.3,0.1,0.5,2.8,12.4,0.312,7.3,-0.1,0.1,0.0,0.005,-4.5,-1.9,-6.4,-0.3,"$2,174,318",0.0,2020
Damyean_Dotson_2020,Damyean Dotson,G,UFA,CLE,"6.7 Pts, 2.0 Reb, 2.0 Ast",SAS,/players/d/dotsoda01.html,210,6-5,26.0,CLE,46.0,7.0,19.7,0.406,1.0,0.289,3.5,0.5,0.667,0.8,0.1,2.0,2.0,0.3,0.1,0.9,6.7,16.9,0.499,8.1,-0.4,0.3,0.0,-0.002,-3.4,-1.4,-4.8,-0.6,"$2,000,000",0.0,2020
Ashton_Hagans_2020,Ashton Hagans,G,UFA,TOR,"0.0 Pts, 0.0 Reb, 0.0 Ast",,/players/h/haganas01.html,,,,,,,,,,,,,,,,,,,,,,,,,,,,,,,,,,,2020
Udonis_Haslem_2020,Udonis Haslem,F-C,UFA,MIA,"4.0 Pts, 1.0 Reb, 0.0 Ast",MIA,/players/h/hasleud01.html,235,6-8,40.0,MIA,1,0,3.0,1.000,0.0,,0.0,0.0,,0.0,0.0,1.0,0.0,0.0,0.0,0.0,4.0,30.1,1.0,54.6,0.0,0.0,0.0,0.475,24.1,7.0,31.1,0.0,"$2,564,753",0.0,2020
Nate_Hinton_2020,Nate Hinton,G,RFA,DAL,"2.0 Pts, 0.4 Reb, 0.4 Ast",DAL,/players/h/hintona01.html,210,6-5,21.0,DAL,21.0,0.0,4.4,0.357,0.2,0.211,0.9,0.3,0.7,0.5,0.0,0.4,0.4,0.3,0.1,0.2,2.0,24.4,0.442,10.4,-0.2,0.1,0.0,-0.015,-4.5,1.0,-3.4,0.0,< $Minimum,0.0,2020
Wes_Iwundu_2020,Wes Iwundu,F,UFA,CHO,"2.4 Pts, 2.2 Reb, 0.4 Ast",,/players/i/iwundwe01.html,195,6-6,26.0,TOT,41.0,4.0,13.1,0.333,0.1,0.122,1.0,0.6,0.839,0.8,0.4,2.2,0.4,0.4,0.1,0.5,2.4,10.8,0.428,4.3,-0.5,0.4,0.0,-0.003,-6.1,-0.3,-6.3,-0.6,"$1,678,854",0.0,2020
TJ_Leaf_2020,T.J. Leaf,F,RFA,POR,"1.7 Pts, 0.7 Reb, 0.1 Ast",,/players/l/leaftj01.html,222,6-10,23.0,POR,7.0,0.0,5.0,0.5,0.0,,0.0,0.3,1.0,0.3,0.0,0.7,0.1,0.3,0.1,0.3,1.7,15.8,0.551,11.2,0.0,0.0,0.0,0.022,-3.9,0.9,-3.0,0.0,"$4,326,825< $Minimum",0.0,2020
Frank_Mason_III_2020,Frank Mason III,G,UFA,LAL,"6.3 Pts, 3.0 Reb, 3.0 Ast",,/players/m/masonfr01.html,190,5-11,26.0,ORL,4.0,1.0,19.8,0.375,0.5,0.4,1.3,1.3,0.714,1.8,0.8,3.0,3.0,0.0,0.0,1.3,6.3,17.5,0.462,7.5,0.0,0.0,0.0,-0.018,-5.2,-2.4,-7.7,-0.1,0,0.0,2020
James_Nunnally_2020,James Nunnally,F,RFA,NOP,"1.7 Pts, 1.0 Reb, 0.3 Ast",,/players/n/nunnaja01.html,208,6-7,30.0,NOP,9.0,0.0,5.3,0.385,0.4,0.333,1.3,0.1,0.5,0.2,0.2,1.0,0.3,0.0,0.0,0.2,1.7,13.9,0.54,8.3,0.0,0.0,0.0,0.031,-0.9,-1.8,-2.7,0.0,< $Minimum,0.0,2020
Jontay_Porter_2020,Jontay Porter,F-C,UFA,MEM,"2.0 Pts, 1.3 Reb, 0.1 Ast",,/players/p/portejo01.html,240,6-11,21.0,MEM,11,0,4.9,0.533,0.3,0.375,0.7,0.3,0.6,0.5,0.4,1.3,0.1,0.3,0.1,0.6,2.0,18.9,0.64,9.2,-0.1,0.1,0.0,0.019,-6.8,0.3,-6.5,-0.1,"$1,900,000",0.0,2020
Chasson_Randle_2020,Chasson Randle,G,RFA,ORL,"6.5 Pts, 2.0 Reb, 1.8 Ast",PHO,/players/r/randlch01.html,185,6-2,27.0,ORL,41.0,5.0,20.4,0.388,1.1,0.338,3.2,0.9,0.792,1.2,0.2,2.0,1.8,0.5,0.1,1.1,6.5,15.7,0.515,7.4,-0.4,0.4,0.0,-0.001,-4.8,-1.1,-5.9,-0.8,< $Minimum,0.0,2020
Deividas_Sirvydis_2020,Deividas Sirvydis,G-F,UFA,DET,"2.1 Pts, 1.5 Reb, 0.3 Ast",DET,/players/s/sirvyde01.html,190,6-8,20.0,DET,20,0,6.7,0.35,0.5,0.357,1.4,0.2,0.5,0.3,0.0,1.5,0.3,0.1,0.0,0.3,2.1,15.7,0.481,5.7,-0.1,0.1,0.0,-0.01,-4.2,-1.2,-5.4,-0.1,"$898,310",0.0,2020
Alen_Smailagic_2020,Alen Smailagić,F,UFA,GSW,"1.9 Pts, 1.1 Reb, 0.3 Ast",,/players/s/smailal01.html,215,6-10,20.0,GSW,15,1,5.6,0.407,0.3,0.4,0.7,0.1,0.333,0.4,0.4,1.1,0.3,0.2,0.3,0.3,1.9,17.6,0.472,8.9,-0.1,0.1,0.0,0.015,-4.9,-0.4,-5.3,-0.1,"$1,517,981",0.0,2020
Sindarius_Thornwell_2020,Sindarius Thornwell,G,UFA,ORL,"2.0 Pts, 0.9 Reb, 1.0 Ast",,/players/t/thornsi01.html,215,6-4,26.0,TOT,21.0,1.0,10.3,0.326,0.3,0.304,1.1,0.2,0.5,0.4,0.1,0.9,1.0,0.6,0.1,0.3,2.0,11.1,0.414,6.6,-0.2,0.2,0.0,0.009,-5.7,0.9,-4.7,-0.2,"$977,415< $Minimum",0.0,2020
Avery_Bradley_2020,Avery Bradley,G,UFA,HOU,"6.4 Pts, 2.1 Reb, 1.7 Ast",GSW,/players/b/bradlav01.html,180,6-3,30.0,TOT,27.0,6.0,22.3,0.374,1.2,0.327,3.7,0.4,0.8,0.6,0.3,2.1,1.7,0.8,0.1,1.0,6.4,14.9,0.487,6.3,-0.5,0.4,-0.1,-0.008,-4.9,-0.5,-5.4,-0.5,"$5,635,000",0.0,2020
Charlie_Brown_Jr_2020,Charlie Brown Jr.,G,UFA,OKC,"4.4 Pts, 1.9 Reb, 1.0 Ast",PHI,/players/b/brownch02.html,199,6-6,23.0,OKC,9.0,1.0,16.9,0.302,0.6,0.238,2.3,1.0,0.9,1.1,0.3,1.9,1.0,0.4,0.2,0.7,4.4,14.9,0.422,4.1,-0.2,0.1,-0.1,-0.032,-7.4,-1.3,-8.7,-0.3,"$217,844",0.0,2020
Dante_Exum_2020,Dante Exum,G,UFA,HOU,"3.8 Pts, 2.8 Reb, 2.2 Ast",HOU,/players/e/exumda01.html,214,6-5,25.0,CLE,6,3,19.3,.385,0.3,.182,1.8,0.2,.500,0.3,0.3,2.8,2.2,0.7,0.3,1.2,3.8,12.7,0.428,5.9,-0.2,0.1,-0.1,-0.025,-5.4,1.6,-3.8,-0.1,"$9,600,000",0.0,2020
Kyle_Guy_2020,Kyle Guy,G,RFA,SAC,"2.8 Pts, 1.1 Reb, 1.0 Ast",CLE,/players/g/guyky01.html,167,6-1,23.0,SAC,31.0,0.0,7.6,0.33,0.4,0.283,1.5,0.5,0.8,0.6,0.2,1.1,1.0,0.2,0.0,0.4,2.8,19.7,0.449,8.5,-0.1,0.1,-0.1,-0.015,-3.7,-2.1,-5.8,-0.2,< $Minimum,0.0,2020
Jared_Harper_2020,Jared Harper,G,RFA,NYK,"0.4 Pts, 0.3 Reb, 0.1 Ast",NOP,/players/h/harpeja01.html,175,5-10,23.0,NYK,8.0,0.0,2.0,0.0,0.0,0.0,0.1,0.4,0.75,0.5,0.0,0.3,0.1,0.0,0.0,0.4,0.4,24.4,0.26,-10.8,-0.1,0.0,-0.1,-0.365,-16.6,-5.5,-22.1,-0.1,"$99,020< $Minimum",0.0,2020
Chandler_Hutchison_2020,Chandler Hutchison,G,UFA,SAS,"4.3 Pts, 3.1 Reb, 0.7 Ast",PHO,/players/h/hutchch01.html,210,6-6,24.0,TOT,25.0,1.0,13.8,0.379,0.3,0.364,0.9,0.8,0.84,1.0,0.2,3.1,0.7,0.5,0.2,0.8,4.3,16.2,0.469,6.8,-0.5,0.4,-0.1,-0.007,-5.7,0.2,-5.6,-0.3,"$2,443,440",0.0,2020
Jalen_Lecque_2020,Jalen Lecque,G,UFA,MIL,"1.3 Pts, 1.3 Reb, 0.5 Ast",,/players/l/lecquja01.html,185,6-4,20.0,IND,4.0,0.0,3.0,0.111,0.0,0.0,0.3,0.8,1.0,0.8,0.5,1.3,0.5,0.0,0.0,0.0,1.3,36.6,0.242,4.7,-0.1,0.0,-0.1,-0.232,-6.6,-6.3,-13.0,0.0,"$1,517,981",0.0,2020
Didi_Louzada_2020,Didi Louzada,G,RFA,NOP,"2.7 Pts, 1.0 Reb, 1.0 Ast",NOP,/players/l/louzama01.html,188,6-5,21.0,NOP,3.0,0.0,18.7,0.231,0.7,0.25,2.7,0.0,,0.0,0.3,1.0,1.0,0.7,0.0,1.0,2.7,12.0,0.308,-0.9,-0.1,0.0,-0.1,-0.099,-7.8,-1.8,-9.6,-0.1,"$123,056",0.0,2020
Adam_Mokoka_2020,Adam Mokoka,G,RFA,CHI,"1.1 Pts, 0.4 Reb, 0.4 Ast",,/players/m/mokokad01.html,190,6-4,22.0,CHI,14,0,4.0,0.368,0.1,0.1,0.7,0.0,0.0,0.1,0.1,0.4,0.4,0.1,0.1,0.4,1.1,18.9,0.386,2.2,-0.2,0.1,-0.1,-0.112,-7.7,-1.6,-9.3,-0.1,< $Minimum,0.0,2020
Theo_Pinson_2020,Theo Pinson,G,RFA,NYK,"0.1 Pts, 0.3 Reb, 0.1 Ast",BOS,/players/p/pinsoth01.html,212,6-5,25.0,NYK,17.0,0.0,2.0,0.111,0.0,0.0,0.5,0.0,,0.0,0.0,0.3,0.1,0.0,0.0,0.1,0.1,13.1,0.111,-8.1,-0.2,0.0,-0.1,-0.205,-13.2,-2.5,-15.7,-0.1,< $Minimum,0.0,2020
Cassius_Stanley_2020,Cassius Stanley,G,UFA,IND,"1.5 Pts, 0.8 Reb, 0.0 Ast",DET,/players/s/stanlca01.html,190,6-5,21.0,IND,24.0,0.0,3.9,0.302,0.1,0.231,0.5,0.3,0.778,0.4,0.3,0.8,0.0,0.0,0.1,0.0,1.5,22.0,0.383,5.5,-0.2,0.1,-0.1,-0.05,-7.2,-4.0,-11.2,-0.2,< $Minimum,0.0,2020
Tyrell_Terry_2020,Tyrell Terry,G,UFA,DAL,"1.0 Pts, 0.5 Reb, 0.5 Ast",MEM,/players/t/terryty01.html,160,6-2,20.0,DAL,11.0,0.0,5.1,0.313,0.0,0.0,0.6,0.1,0.333,0.3,0.0,0.5,0.5,0.5,0.0,0.2,1.0,15.3,0.318,6.0,-0.1,0.1,-0.1,-0.049,-7.5,2.6,-5.0,0.0,"$1,289,846",0.0,2020
Kostas_Antetokounmpo_2020,Kostas Antetokounmpo,F,RFA,LAL,"0.8 Pts, 1.3 Reb, 0.1 Ast",,/players/a/antetko01.html,200,6-10,23.0,LAL,15.0,0.0,3.7,0.3,0.0,,0.0,0.4,0.462,0.9,0.3,1.3,0.1,0.1,0.3,0.7,0.8,20.7,0.382,0.0,-0.3,0.1,-0.2,-0.174,-13.3,0.8,-12.6,-0.1,< $Minimum,0.0,2020
Keljin_Blevins_2020,Keljin Blevins,F,RFA,POR,"0.7 Pts, 0.6 Reb, 0.2 Ast",POR,/players/b/blevike01.html,200,6-4,25.0,POR,17,0,4.4,0.25,0.1,0.25,0.5,0.0,,0.0,0.2,0.6,0.2,0.1,0.0,0.3,0.7,14.3,0.3,-0.9,-0.2,0.0,-0.2,-0.137,-8.3,-2.3,-10.7,-0.2,< $Minimum,0.0,2020
Sekou_Doumbouya_2020,Sekou Doumbouya,F,UFA,HOU,"5.1 Pts, 2.6 Reb, 0.8 Ast",LAL,/players/d/doumbse01.html,230,6-8,20.0,DET,56.0,11.0,15.5,0.379,0.5,0.226,2.1,0.8,0.703,1.1,0.7,2.6,0.8,0.4,0.2,0.8,5.1,17.8,0.459,6.9,-0.9,0.7,-0.2,-0.012,-5.4,-1.3,-6.7,-1.0,"$3,449,400",0.0,2020
Kris_Dunn_2020,Kris Dunn,G,UFA,MEM,"1.3 Pts, 1.5 Reb, 0.5 Ast",POR,/players/d/dunnkr01.html,205,6-3,26.0,ATL,4.0,0.0,11.3,0.083,0.0,0.0,0.5,0.8,0.75,1.0,0.0,1.5,0.5,0.5,0.5,0.8,1.3,16.2,0.182,-5.7,-0.2,0.1,-0.2,-0.202,-13.7,-0.1,-13.7,-0.1,"$4,767,000",0.0,2020
Tim_Frazier_2020,Tim Frazier,G,UFA,MEM,"1.6 Pts, 1.6 Reb, 3.2 Ast",ORL,/players/f/fraziti01.html,170,6-0,30.0,MEM,5.0,0.0,12.4,0.15,0.0,0.0,1.6,0.4,0.333,1.2,0.0,1.6,3.2,0.4,0.2,0.8,1.6,18.1,0.177,-0.5,-0.3,0.1,-0.2,-0.169,-10.7,-1.2,-11.9,-0.2,"$554,542",0.0,2020
Markus_Howard_2020,Markus Howard,G,RFA,DEN,"2.8 Pts, 0.6 Reb, 0.5 Ast",,/players/h/howarma02.html,175,5-10,21.0,DEN,37,1,5.5,0.377,0.5,0.277,1.8,0.2,0.778,0.2,0.0,0.6,0.5,0.1,0.0,0.5,2.8,27.2,0.477,6.4,-0.4,0.1,-0.3,-0.068,-5.5,-3.2,-8.7,-0.3,< $Minimum,0.0,2020
Jeremiah_Martin_2020,Jeremiah Martin,G,UFA,CLE,"2.4 Pts, 0.8 Reb, 0.4 Ast",,/players/m/martije02.html,185,6-3,24.0,CLE,9.0,0.0,8.3,0.273,0.3,0.25,1.3,0.1,0.2,0.6,0.2,0.8,0.4,0.6,0.2,0.7,2.4,23.9,0.313,1.4,-0.4,0.1,-0.3,-0.207,-8.3,-1.1,-9.5,-0.1,< $Minimum,0.0,2020
Rodney_Hood_2020,Rodney Hood,G-F,UFA,TOR,"4.5 Pts, 1.9 Reb, 1.0 Ast",MIL,/players/h/hoodro01.html,208,6-8,28.0,TOT,55.0,5.0,17.1,0.362,0.6,0.301,2.1,0.4,0.857,0.5,0.4,1.9,1.0,0.4,0.1,0.7,4.5,14.1,0.452,5.6,-0.7,0.3,-0.4,-0.019,-4.9,-1.4,-6.4,-1.0,"$10,047,450",0.0,2020
Justise_Winslow_2020,Justise Winslow,F,UFA,MEM,"6.8 Pts, 4.5 Reb, 1.9 Ast",LAC,/players/w/winslju01.html,222,6-6,24.0,MEM,26.0,1.0,19.5,0.352,0.4,0.185,2.1,0.8,0.571,1.3,0.7,4.5,1.9,0.6,0.5,1.4,6.8,21.9,0.395,6.2,-1.3,0.6,-0.7,-0.066,-6.2,0.2,-6.0,-0.5,"$13,000,000",0.0,2020
Josh_Hall_2020,Josh Hall,F,RFA,OKC,"4.1 Pts, 2.8 Reb, 1.3 Ast",OKC,/players/h/halljo01.html,190,6-9,20.0,OKC,21,1,16.0,0.303,0.2,0.108,1.8,1.0,0.5,2.1,0.3,2.8,1.3,0.2,0.0,1.2,4.1,18.1,0.363,1.0,-1.1,0.2,-0.9,-0.126,-9.7,-2.2,-11.9,-0.8,< $Minimum,0.0,2020
Bryce_Alford_2020,Bryce Alford,G,UFA,CHI,Did not play,,/players/a/alforbr01.html,,,,,,,,,,,,,,,,,,,,,,,,,,,,,,,,,,,2020
Derrick_Alston_Jr_2020,Derrick Alston Jr.,G-F,UFA,UTA,Did not play,,/players/a/alstode02.html,,,,,,,,,,,,,,,,,,,,,,,,,,,,,,,,,,,2020
Justin_Anderson_2020,Justin Anderson,G,UFA,IND,Did not play,CLE,/players/a/anderju01.html,230,6-6,,,,,,,,,,,,,,,,,,,,,,,,,,,,,,,"$125,000",0.0,2020
Alex_Antetokounmpo_2020,Alex Antetokounmpo,F,UFA,TOR,Did not play,,/players/a/antetal01.html,,,,,,,,,,,,,,,,,,,,,,,,,,,,,,,,,,,2020
LiAngelo_Ball_2020,LiAngelo Ball,G,UFA,CHO,Did not play,,/players/b/ballli01.html,,,,,,,,,,,,,,,,,,,,,,,,,,,,,,,,,,,2020
Mitch_Ballock_2020,Mitch Ballock,G,UFA,CLE,Did not play,,/players/b/ballomi01.html,,,,,,,,,,,,,,,,,,,,,,,,,,,,,,,,,,,2020
James_Banks_III_2020,James Banks III,C,UFA,NOP,Did not play,,/players/b/banksja02.html,,,,,,,,,,,,,,,,,,,,,,,,,,,,,,,,,,,2020
Troy_Baxter_Jr_2020,Troy Baxter Jr.,F,UFA,CHI,Did not play,,/players/b/baxtetr01.html,,,,,,,,,,,,,,,,,,,,,,,,,,,,,,,,,,,2020
Giorgi_Bezhanishvili_2020,Giorgi Bezhanishvili,F,UFA,DEN,Did not play,,/players/b/bezhagi01.html,,,,,,,,,,,,,,,,,,,,,,,,,,,,,,,,,,,2020
Tarik_Black_2020,Tarik Black,C-F,UFA,DEN,Did not play,,/players/b/blackta01.html,250,6-9,,,,,,,,,,,,,,,,,,,,,,,,,,,,,,,0,0.0,2020
Bennie_Boatwright_2020,Bennie Boatwright,F,UFA,IND,Did not play,,/players/b/boatwbe01.html,,,,,,,,,,,,,,,,,,,,,,,,,,,,,,,,,,,2020
Jordan_Bowden_2020,Jordan Bowden,G,UFA,BRK,Did not play,,/players/b/bowdejo01.html,,,,,,,,,,,,,,,,,,,,,,,,,,,,,,,,,,,2020
Bryce_Brown_2020,Bryce Brown,G,UFA,BRK,Did not play,,/players/b/brownbr02.html,,,,,,,,,,,,,,,,,,,,,,,,,,,,,,,,,,,2020
Chaundee_Brown_Jr_2020,Chaundee Brown Jr.,G-F,UFA,LAL,Did not play,LAL,/players/b/brownch05.html,,,,,,,,,,,,,,,,,,,,,,,,,,,,,,,,,,,2020
Jared_Brownridge_2020,Jared Brownridge,,UFA,PHI,Did not play,,/players/b/brownja04.html,,,,,,,,,,,,,,,,,,,,,,,,,,,,,,,,,,,2020
Shaq_Buchanan_2020,Shaq Buchanan,G,UFA,MEM,Did not play,MEM,/players/b/buchash01.html,,,,,,,,,,,,,,,,,,,,,,,,,,,,,,,,,,,2020
Jordan_Burns_2020,Jordan Burns,G,UFA,SAS,Did not play,,/players/b/burnsjo01.html,,,,,,,,,,,,,,,,,,,,,,,,,,,,,,,,,,,2020
DJ_Carton_2020,D.J. Carton,G,UFA,CHO,Did not play,,/players/c/cartodj01.html,,,,,,,,,,,,,,,,,,,,,,,,,,,,,,,,,,,2020
Ahmad_Caver_2020,Ahmad Caver,G,UFA,MEM,Did not play,,/players/c/caverah01.html,,,,,,,,,,,,,,,,,,,,,,,,,,,,,,,,,,,2020
Zylan_Cheatham_2020,Zylan Cheatham,F,UFA,NOP,Did not play,MIA,/players/c/cheatzy01.html,220,6-5,,,,,,,,,,,,,,,,,,,,,,,,,,,,,,,"$1,445,697",0.0,2020
Chris_Clemons_2020,Chris Clemons,G,UFA,BOS,Did not play,ATL,/players/c/clemoch01.html,180,5-9,,,,,,,,,,,,,,,,,,,,,,,,,,,,,,,"$1,517,981",0.0,2020
Matt_Coleman_III_2020,Matt Coleman III,G,UFA,SAC,Did not play,,/players/c/colemma04.html,,,,,,,,,,,,,,,,,,,,,,,,,,,,,,,,,,,2020
Zach_Collins_2020,Zach Collins,C-F,UFA,POR,Did not play,SAS,/players/c/colliza01.html,250,6-11,23.0,Did Not Play (injury—ankle),Did Not Play (injury—ankle),Did Not Play (injury—ankle),Did Not Play (injury—ankle),Did Not Play (injury—ankle),Did Not Play (injury—ankle),Did Not Play (injury—ankle),Did Not Play (injury—ankle),Did Not Play (injury—ankle),Did Not Play (injury—ankle),Did Not Play (injury—ankle),Did Not Play (injury—ankle),Did Not Play (injury—ankle),Did Not Play (injury—ankle),Did Not Play (injury—ankle),Did Not Play (injury—ankle),Did Not Play (injury—ankle),Did Not Play (injury—ankle),,,,,,,,,,,,"$5,406,255",0.0,2020
Jalen_Crutcher_2020,Jalen Crutcher,G,UFA,CHO,Did not play,,/players/c/crutcja01.html,,,,,,,,,,,,,,,,,,,,,,,,,,,,,,,,,,,2020
Derek_Culver_2020,Derek Culver,C,UFA,IND,Did not play,,/players/c/culvede01.html,,,,,,,,,,,,,,,,,,,,,,,,,,,,,,,,,,,2020
Jared_Cunningham_2020,Jared Cunningham,G,UFA,DET,Did not play,,/players/c/cunnija01.html,195,6-4,,,,,,,,,,,,,,,,,,,,,,,,,,,,,,,0,0.0,2020
Nando_De_Colo_2020,Nando De Colo,G,RFA,TOR,Did not play,,/players/d/decolna01.html,200,6-5,,,,,,,,,,,,,,,,,,,,,,,,,,,,,,,0,0.0,2020
Sam_Dekker_2020,Sam Dekker,F,UFA,TOR,Did not play,,/players/d/dekkesa01.html,230,6-9,26.0,Did Not Play (other pro league—Turkey),Did Not Play (other pro league—Turkey),Did Not Play (other pro league—Turkey),Did Not Play (other pro league—Turkey),Did Not Play (other pro league—Turkey),Did Not Play (other pro league—Turkey),Did Not Play (other pro league—Turkey),Did Not Play (other pro league—Turkey),Did Not Play (other pro league—Turkey),Did Not Play (other pro league—Turkey),Did Not Play (other pro league—Turkey),Did Not Play (other pro league—Turkey),Did Not Play (other pro league—Turkey),Did Not Play (other pro league—Turkey),Did Not Play (other pro league—Turkey),Did Not Play (other pro league—Turkey),Did Not Play (other pro league—Turkey),Did Not Play (other pro league—Turkey),,,,,,,,,,,,0,0.0,2020
Javin_DeLaurier_2020,Javin DeLaurier,F,UFA,MIL,Did not play,,/players/d/delauja01.html,,,,,,,,,,,,,,,,,,,,,,,,,,,,,,,,,,,2020
Jeff_Dowtin_2020,Jeff Dowtin,G,UFA,ORL,Did not play,GSW,/players/d/dowtije01.html,,,,,,,,,,,,,,,,,,,,,,,,,,,,,,,,,,,2020
Jaime_Echenique_2020,Jaime Echenique,C,UFA,WAS,Did not play,,/players/e/echenja01.html,,,,,,,,,,,,,,,,,,,,,,,,,,,,,,,,,,,2020
Rob_Edwards_2020,Rob Edwards,G,UFA,OKC,Did not play,OKC,/players/e/edwarro01.html,,,,,,,,,,,,,,,,,,,,,,,,,,,,,,,,,,,2020
Vince_Edwards_2020,Vince Edwards,F,UFA,MIN,Did not play,,/players/e/edwarvi01.html,225,6-8,,,,,,,,,,,,,,,,,,,,,,,,,,,,,,,0,0.0,2020
LJ_Figueroa_2020,L.J. Figueroa,G,UFA,GSW,Did not play,,/players/f/figuelj01.html,,,,,,,,,,,,,,,,,,,,,,,,,,,,,,,,,,,2020
Jordan_Ford_2020,Jordan Ford,G,UFA,LAC,Did not play,LAC,/players/f/fordjo01.html,,,,,,,,,,,,,,,,,,,,,,,,,,,,,,,,,,,2020
Marcus_Foster_2020,Marcus Foster,G,UFA,HOU,Did not play,,/players/f/fostema01.html,,,,,,,,,,,,,,,,,,,,,,,,,,,,,,,,,,,2020
Melvin_Frazier_2020,Melvin Frazier,G,UFA,OKC,Did not play,OKC,/players/f/frazime01.html,215,6-5,,,,,,,,,,,,,,,,,,,,,,,,,,,,,,,0,0.0,2020
Jordan_Goodwin_2020,Jordan Goodwin,G,UFA,WAS,Did not play,WAS,/players/g/goodwjo01.html,,,,,,,,,,,,,,,,,,,,,,,,,,,,,,,,,,,2020
Hassani_Gravett_2020,Hassani Gravett,G,UFA,ORL,Did not play,ORL,/players/g/graveha01.html,,,,,,,,,,,,,,,,,,,,,,,,,,,,,,,,,,,2020
Josh_Gray_2020,Josh Gray,G,UFA,BRK,Did not play,,/players/g/grayjo01.html,180,6-0,,,,,,,,,,,,,,,,,,,,,,,,,,,,,,,"$1,620,564",0.0,2020
Tyler_Hall_2020,Tyler Hall,G,UFA,NYK,Did not play,NYK,/players/h/hallty01.html,209,6-5,,,,,,,,,,,,,,,,,,,,,,,,,,,,,,,"$25,000",0.0,2020
Johnny_Hamilton_2020,Johnny Hamilton,C,UFA,ATL,Did not play,,/players/h/hamiljo03.html,,,,,,,,,,,,,,,,,,,,,,,,,,,,,,,,,,,2020
Jaylen_Hands_2020,Jaylen Hands,G,UFA,DET,Did not play,,/players/h/handsja01.html,,,,,,,,,,,,,,,,,,,,,,,,,,,,,,,,,,,2020
Haywood_Highsmith_2020,Haywood Highsmith,F,UFA,PHI,Did not play,PHI,/players/h/highsha01.html,220,6-7,,,,,,,,,,,,,,,,,,,,,,,,,,,,,,,0,0.0,2020
Malcolm_Hill_2020,Malcolm Hill,F,UFA,NOP,Did not play,ATL,/players/h/hillma01.html,,,,,,,,,,,,,,,,,,,,,,,,,,,,,,,,,,,2020
Aric_Holman_2020,Aric Holman,F,UFA,SAS,Did not play,,/players/h/holmaar01.html,,,,,,,,,,,,,,,,,,,,,,,,,,,,,,,,,,,2020
Caleb_Homesley_2020,Caleb Homesley,G,UFA,WAS,Did not play,,/players/h/homesca01.html,,,,,,,,,,,,,,,,,,,,,,,,,,,,,,,,,,,2020
Scotty_Hopson_2020,Scotty Hopson,G,UFA,OKC,Did not play,OKC,/players/h/hopsosc01.html,204,6-7,,,,,,,,,,,,,,,,,,,,,,,,,,,,,,,0,0.0,2020
Jay_Huff_2020,Jay Huff,F-C,UFA,WAS,Did not play,LAL,/players/h/huffja01.html,,,,,,,,,,,,,,,,,,,,,,,,,,,,,,,,,,,2020
Feron_Hunt_2020,Feron Hunt,F,UFA,DAL,Did not play,NOP,/players/h/huntfe01.html,,,,,,,,,,,,,,,,,,,,,,,,,,,,,,,,,,,2020
Matthew_Hurt_2020,Matthew Hurt,F,UFA,HOU,Did not play,MEM,/players/h/hurtma01.html,,,,,,,,,,,,,,,,,,,,,,,,,,,,,,,,,,,2020
Justin_Jaworski_2020,Justin Jaworski,G,UFA,OKC,Did not play,,/players/j/jaworju01.html,,,,,,,,,,,,,,,,,,,,,,,,,,,,,,,,,,,2020
Damien_Jefferson_2020,Damien Jefferson,F,UFA,SAC,Did not play,,/players/j/jeffeda01.html,,,,,,,,,,,,,,,,,,,,,,,,,,,,,,,,,,,2020
BJ_Johnson_2020,B.J. Johnson,G,UFA,ORL,Did not play,ORL,/players/j/johnsbj01.html,200,6-7,,,,,,,,,,,,,,,,,,,,,,,,,,,,,,,0,0.0,2020
Nino_Johnson_2020,Nino Johnson,C,UFA,UTA,Did not play,,/players/j/johnsni02.html,,,,,,,,,,,,,,,,,,,,,,,,,,,,,,,,,,,2020
Carlik_Jones_2020,Carlik Jones,G,UFA,DAL,Did not play,DAL,/players/j/jonesca03.html,,,,,,,,,,,,,,,,,,,,,,,,,,,,,,,,,,,2020
Jemerrio_Jones_2020,Jemerrio Jones,F,UFA,MIL,Did not play,LAL,/players/j/jonesje01.html,174,6-5,,,,,,,,,,,,,,,,,,,,,,,,,,,,,,,0,0.0,2020
Braxton_Key_2020,Braxton Key,F,UFA,PHI,Did not play,PHI,/players/k/keybr01.html,,,,,,,,,,,,,,,,,,,,,,,,,,,,,,,,,,,2020
George_King_2020,George King,G-F,UFA,LAC,Did not play,DAL,/players/k/kingge03.html,225,6-6,,,,,,,,,,,,,,,,,,,,,,,,,,,,,,,0,0.0,2020
Brandon_Knight_2020,Brandon Knight,G,UFA,NYK,Did not play,DAL,/players/k/knighbr03.html,182,6-2,,,,,,,,,,,,,,,,,,,,,,,,,,,,,,,0,0.0,2020
AJ_Lawson_2020,A.J. Lawson,G,UFA,ATL,Did not play,,/players/l/lawsoaj01.html,,,,,,,,,,,,,,,,,,,,,,,,,,,,,,,,,,,2020
Matt_Lewis_2020,Matt Lewis,G,UFA,MIN,Did not play,,/players/l/lewisma04.html,,,,,,,,,,,,,,,,,,,,,,,,,,,,,,,,,,,2020
Denzel_Mahoney_2020,Denzel Mahoney,F,UFA,SAS,Did not play,,/players/m/mahonde01.html,,,,,,,,,,,,,,,,,,,,,,,,,,,,,,,,,,,2020
Mac_McClung_2020,Mac McClung,G,UFA,LAL,Did not play,CHI,/players/m/mccluma01.html,,,,,,,,,,,,,,,,,,,,,,,,,,,,,,,,,,,2020
Cameron_McGriff_2020,Cameron McGriff,F,UFA,CHO,Did not play,POR,/players/m/mcgrica01.html,,,,,,,,,,,,,,,,,,,,,,,,,,,,,,,,,,,2020
Isaiah_Miller_2020,Isaiah Miller,G,UFA,MIN,Did not play,,/players/m/milleis01.html,,,,,,,,,,,,,,,,,,,,,,,,,,,,,,,,,,,2020
Jaylen_Morris_2020,Jaylen Morris,G,UFA,SAS,Did not play,SAS,/players/m/morrija01.html,185,6-5,,,,,,,,,,,,,,,,,,,,,,,,,,,,,,,0,0.0,2020
Ade_Murkey_2020,Ade Murkey,G,UFA,SAC,Did not play,SAC,/players/m/murkead01.html,,,,,,,,,,,,,,,,,,,,,,,,,,,,,,,,,,,2020
Johnny_OBryant_2020,Johnny O'Bryant,F-C,UFA,MIL,Did not play,,/players/o/obryajo01.html,257,6-9,,,,,,,,,,,,,,,,,,,,,,,,,,,,,,,0,0.0,2020
EJ_Onu_2020,E.J. Onu,F,UFA,DAL,Did not play,DAL,/players/o/onuej01.html,,,,,,,,,,,,,,,,,,,,,,,,,,,,,,,,,,,2020
John_Petty_Jr_2020,John Petty Jr.,G,UFA,NOP,Did not play,,/players/p/pettyjo01.html,,,,,,,,,,,,,,,,,,,,,,,,,,,,,,,,,,,2020
Micah_Potter_2020,Micah Potter,C,UFA,MIA,Did not play,DET,/players/p/pottemi01.html,,,,,,,,,,,,,,,,,,,,,,,,,,,,,,,,,,,2020
Myles_Powell_2020,Myles Powell,G,UFA,NYK,Did not play,PHI,/players/p/powelmy01.html,195,6-2,,,,,,,,,,,,,,,,,,,,,,,,,,,,,,,< $Minimum,0.0,2020
Trevelin_Queen_2020,Trevelin Queen,G,UFA,LAL,Did not play,HOU,/players/q/queentr01.html,,,,,,,,,,,,,,,,,,,,,,,,,,,,,,,,,,,2020
Brandon_Rachal_2020,Brandon Rachal,G,UFA,BRK,Did not play,,/players/r/rachabr01.html,,,,,,,,,,,,,,,,,,,,,,,,,,,,,,,,,,,2020
Austin_Reaves_2020,Austin Reaves,G,UFA,LAL,Did not play,,/players/r/reaveau01.html,,,,,,,,,,,,,,,,,,,,,,,,,,,,,,,,,,,2020
Davon_Reed_2020,Davon Reed,G,UFA,DEN,Did not play,DEN,/players/r/reedda01.html,208,6-5,,,,,,,,,,,,,,,,,,,,,,,,,,,,,,,0,0.0,2020
Nate_Renfro_2020,Nate Renfro,F,UFA,SAS,Did not play,,/players/r/renfrna01.html,,,,,,,,,,,,,,,,,,,,,,,,,,,,,,,,,,,2020
Matt_Ryan_2020,Matt Ryan,F,UFA,DEN,Did not play,BOS,/players/r/ryanma01.html,,,,,,,,,,,,,,,,,,,,,,,,,,,,,,,,,,,2020
Olivier_Sarr_2020,Olivier Sarr,C,UFA,OKC,Did not play,OKC,/players/s/sarrol01.html,,,,,,,,,,,,,,,,,,,,,,,,,,,,,,,,,,,2020
Jordan_Schakel_2020,Jordan Schakel,F,UFA,WAS,Did not play,WAS,/players/s/schakjo01.html,,,,,,,,,,,,,,,,,,,,,,,,,,,,,,,,,,,2020
Admiral_Schofield_2020,Admiral Schofield,G-F,UFA,ORL,Did not play,ORL,/players/s/schofad01.html,241,6-5,,,,,,,,,,,,,,,,,,,,,,,,,,,,,,,"$1,517,981",0.0,2020
Tre_Scott_2020,Tre Scott,F,UFA,CLE,Did not play,CLE,/players/s/scotttr01.html,,,,,,,,,,,,,,,,,,,,,,,,,,,,,,,,,,,2020
Devontae_Shuler_2020,Devontae Shuler,G,UFA,WAS,Did not play,,/players/s/shulede01.html,,,,,,,,,,,,,,,,,,,,,,,,,,,,,,,,,,,2020
Aamir_Simms_2020,Aamir Simms,F,UFA,NYK,Did not play,,/players/s/simmsaa01.html,,,,,,,,,,,,,,,,,,,,,,,,,,,,,,,,,,,2020
Zavier_Simpson_2020,Zavier Simpson,G,UFA,OKC,Did not play,OKC,/players/s/simpsza01.html,,,,,,,,,,,,,,,,,,,,,,,,,,,,,,,,,,,2020
Javonte_Smart_2020,Javonte Smart,G,UFA,MIA,Did not play,MIL,/players/s/smartja01.html,,,,,,,,,,,,,,,,,,,,,,,,,,,,,,,,,,,2020
Dru_Smith_2020,Dru Smith,G,UFA,MIA,Did not play,,/players/s/smithdr01.html,,,,,,,,,,,,,,,,,,,,,,,,,,,,,,,,,,,2020
Xavier_Sneed_2020,Xavier Sneed,F,UFA,CHO,Did not play,MEM,/players/s/sneedxa01.html,,,,,,,,,,,,,,,,,,,,,,,,,,,,,,,,,,,2020
Nik_Stauskas_2020,Nik Stauskas,G,UFA,DEN,Did not play,BOS,/players/s/stausni01.html,205,6-6,27.0,Did Not Play (other pro league—G-League),Did Not Play (other pro league—G-League),Did Not Play (other pro league—G-League),Did Not Play (other pro league—G-League),Did Not Play (other pro league—G-League),Did Not Play (other pro league—G-League),Did Not Play (other pro league—G-League),Did Not Play (other pro league—G-League),Did Not Play (other pro league—G-League),Did Not Play (other pro league—G-League),Did Not Play (other pro league—G-League),Did Not Play (other pro league—G-League),Did Not Play (other pro league—G-League),Did Not Play (other pro league—G-League),Did Not Play (other pro league—G-League),Did Not Play (other pro league—G-League),Did Not Play (other pro league—G-League),Did Not Play (other pro league—G-League),,,,,,,,,,,,0,0.0,2020
DJ_Steward_2020,DJ Steward,G,UFA,SAC,Did not play,,/players/s/stewadj01.html,,,,,,,,,,,,,,,,,,,,,,,,,,,,,,,,,,,2020
D_J_Stewart_Jr_2020,D. J. Stewart Jr.,G,UFA,MIA,Did not play,SAS,/players/s/stewadj02.html,,,,,,,,,,,,,,,,,,,,,,,,,,,,,,,,,,,2020
David_Stockton_2020,David Stockton,G,UFA,MEM,Did not play,,/players/s/stockda01.html,165,5-11,,,,,,,,,,,,,,,,,,,,,,,,,,,,,,,0,0.0,2020
Keifer_Sykes_2020,Keifer Sykes,G,UFA,IND,Did not play,IND,/players/s/sykeske01.html,,,,,,,,,,,,,,,,,,,,,,,,,,,,,,,,,,,2020
Anthony_Tarke_2020,Anthony Tarke,G,UFA,DET,Did not play,,/players/t/tarkean01.html,,,,,,,,,,,,,,,,,,,,,,,,,,,,,,,,,,,2020
Terry_Taylor_2020,Terry Taylor,G-F,UFA,IND,Did not play,IND,/players/t/taylote01.html,,,,,,,,,,,,,,,,,,,,,,,,,,,,,,,,,,,2020
MaCio_Teague_2020,MaCio Teague,G,UFA,UTA,Did not play,,/players/t/teaguma02.html,,,,,,,,,,,,,,,,,,,,,,,,,,,,,,,,,,,2020
Emanuel_Terry_2020,Emanuel Terry,F,UFA,SAC,Did not play,PHO,/players/t/terryem01.html,220,6-9,,,,,,,,,,,,,,,,,,,,,,,,,,,,,,,0,0.0,2020
Jon_Teske_2020,Jon Teske,C,UFA,ORL,Did not play,MEM,/players/t/teskejo01.html,,,,,,,,,,,,,,,,,,,,,,,,,,,,,,,,,,,2020
Ethan_Thompson_2020,Ethan Thompson,G,UFA,CHI,Did not play,,/players/t/thompet01.html,,,,,,,,,,,,,,,,,,,,,,,,,,,,,,,,,,,2020
Jeremiah_Tilmon_2020,Jeremiah Tilmon,C,UFA,ORL,Did not play,,/players/t/tilmoje01.html,,,,,,,,,,,,,,,,,,,,,,,,,,,,,,,,,,,2020
Breein_Tyree_2020,Breein Tyree,G,UFA,TOR,Did not play,,/players/t/tyreebr01.html,,,,,,,,,,,,,,,,,,,,,,,,,,,,,,,,,,,2020
Luca_Vildoza_2020,Luca Vildoza,G,UFA,NYK,Did not play,MIL,/players/v/vildolu01.html,,,,,,,,,,,,,,,,,,,,,,,,,,,,,,,,,,,2020
Christian_Vital_2020,Christian Vital,G,UFA,HOU,Did not play,,/players/v/vitalch01.html,,,,,,,,,,,,,,,,,,,,,,,,,,,,,,,,,,,2020
Ish_Wainright_2020,Ish Wainright,F,UFA,TOR,Did not play,PHO,/players/w/wainris01.html,,,,,,,,,,,,,,,,,,,,,,,,,,,,,,,,,,,2020
MJ_Walker_2020,M.J. Walker,G,UFA,NYK,Did not play,,/players/w/walkemj01.html,,,,,,,,,,,,,,,,,,,,,,,,,,,,,,,,,,,2020
Derrick_Walton_2020,Derrick Walton,G,UFA,DET,Did not play,DET,/players/w/waltode01.html,189,6-0,,,,,,,,,,,,,,,,,,,,,,,,,,,,,,,0,0.0,2020
Ibi_Watson_2020,Ibi Watson,G,UFA,ATL,Did not play,,/players/w/watsoib01.html,,,,,,,,,,,,,,,,,,,,,,,,,,,,,,,,,,,2020
Romeo_Weems_2020,Romeo Weems,F,UFA,MEM,Did not play,,/players/w/weemsro01.html,,,,,,,,,,,,,,,,,,,,,,,,,,,,,,,,,,,2020
Moses_Wright_2020,Moses Wright,F,UFA,LAC,Did not play,LAC,/players/w/wrighmo01.html,,,,,,,,,,,,,,,,,,,,,,,,,,,,,,,,,,,2020
